FECHA_CORTE;ANIO;SECTOR;CATEGORIA;SUBCATEGORIA;FUENTE_DE_EMISION;IPCC_CLASF;DIOXIDO_DE_CARBONO_GGCO2;METANO_GGCH4;METANO_EQUIVALENTE_GGCO2EQ;OXIDO_NITROSO_GGN2O;OXIDO_NITROSO_EQUIVALENTE_GGCO2EQ;HFC_GGCO2EQ;EMISIONES_GEI_GGCO2EQ
20240521;2019;ENERGIA ;ACTIVIDADES DE QUEMA DE COMBUSTIBLES ;INDUSTRIAS DE ENERGIA;PRODUCCION DE ELECTRICIDAD Y CALOR COMO ACTIVIDAD PRINCIPAL;1A1a;8769.28;0.49;13.63;0.06;16.25;sin valor;8799.16
20240521;2019;ENERGIA ;ACTIVIDADES DE QUEMA DE COMBUSTIBLES ;INDUSTRIAS DE ENERGIA;REFINACION DE PETROLEO;1A1b;1973.19;0.04;0.98;0;0.93;sin valor;1975.11
20240521;2019;ENERGIA ;ACTIVIDADES DE QUEMA DE COMBUSTIBLES ;INDUSTRIAS DE ENERGIA;FABRICACION DE COMBUSTIBLES SOLIDOS Y OTRAS INDUSTRIAS ENERGETICAS;1A1c;1951.02;0.04;1.18;0.01;1.49;sin valor;1953.69
20240521;2019;ENERGIA ;ACTIVIDADES DE QUEMA DE COMBUSTIBLES ;INDUSTRIAS MANUFACTURERAS Y DE LA CONSTRUCCION;MINERIA (CON EXCEPCION DE COMBUSTIBLES) Y CANTERIA;1A2i;1489.46;0.06;1.62;0.01;2.94;sin valor;1494.02
20240521;2019;ENERGIA ;ACTIVIDADES DE QUEMA DE COMBUSTIBLES ;INDUSTRIAS MANUFACTURERAS Y DE LA CONSTRUCCION;INDUSTRIA NO ESPECIFICADA;1A2m;7666.42;1.56;43.67;0.19;49.54;sin valor;7759.62
20240521;2019;ENERGIA ;ACTIVIDADES DE QUEMA DE COMBUSTIBLES ;TRANSPORTE;AVIACION CIVIL;1A3a;1162.59;0.01;0.22;0.03;8.48;sin valor;1171.29
20240521;2019;ENERGIA ;ACTIVIDADES DE QUEMA DE COMBUSTIBLES ;TRANSPORTE;TRANSPORTE TERRESTRE;1A3b;23385.01;9.03;252.81;1.21;321.13;sin valor;23958.96
20240521;2019;ENERGIA ;ACTIVIDADES DE QUEMA DE COMBUSTIBLES ;TRANSPORTE;FERROCARRILES;1A3c;87.09;0;0.14;0.03;8.91;sin valor;96.13
20240521;2019;ENERGIA ;ACTIVIDADES DE QUEMA DE COMBUSTIBLES ;TRANSPORTE;NAVEGACION MARITIMA Y FLUVIAL;1A3d;386.95;0.04;1.05;0.01;2.85;sin valor;390.85
20240521;2019;ENERGIA ;ACTIVIDADES DE QUEMA DE COMBUSTIBLES ;TRANSPORTE;OTRO TIPO DE TRANSPORTE;1A3e;28.7;0;0.09;0;0.26;sin valor;29.05
20240521;2019;ENERGIA ;ACTIVIDADES DE QUEMA DE COMBUSTIBLES ;OTROS SECTORES;COMERCIAL/INSTITUCIONAL;1A4a;1249.25;1.55;43.3;0.02;6.06;sin valor;1298.6
20240521;2019;ENERGIA ;ACTIVIDADES DE QUEMA DE COMBUSTIBLES ;OTROS SECTORES;RESIDENCIAL ;1A4b;2766.9;25.49;713.7;0.34;89.28;sin valor;3569.87
20240521;2019;ENERGIA ;ACTIVIDADES DE QUEMA DE COMBUSTIBLES ;OTROS SECTORES;AGRICULTURA;1A4c;151.64;0.05;1.29;0;0.41;sin valor;153.34
20240521;2019;ENERGIA ;ACTIVIDADES DE QUEMA DE COMBUSTIBLES ;OTROS SECTORES;PESCA;1A4c;164.31;0.03;0.75;0;0.38;sin valor;165.43
20240521;2019;ENERGIA ;ACTIVIDADES DE QUEMA DE COMBUSTIBLES ;NO ESPECIFICADO;MOVIL;1A5b;7.79;0;0;0;0.06;sin valor;7.85
20240521;2019;ENERGIA ;EMISIONES FUGITIVAS PROVENIENTES DE LA FABRICACION DE COMBUSTIBLES;COMBUSTIBLES SOLIDOS;MINERIA Y MANEJO DEL CARBON ;1B1a;sin valor;2.48;69.31;sin valor;sin valor;sin valor;69.31
20240521;2019;ENERGIA ;EMISIONES FUGITIVAS PROVENIENTES DE LA FABRICACION DE COMBUSTIBLES;COMBUSTIBLES SOLIDOS;TRANSFORMACION DE COMBUSTIBLES SOLIDOS;1B1c;sin valor;7.6;212.82;0.02;4;sin valor;216.81
20240521;2019;ENERGIA ;EMISIONES FUGITIVAS PROVENIENTES DE LA FABRICACION DE COMBUSTIBLES;PETROLEO Y GAS NATURAL;PETROLEO;1B2a;267.88;68.83;1927.21;0;0.5;sin valor;2195.59
20240521;2019;ENERGIA ;EMISIONES FUGITIVAS PROVENIENTES DE LA FABRICACION DE COMBUSTIBLES;PETROLEO Y GAS NATURAL;GAS NATURAL;1B2b;265.37;273.83;7667.31;0;0.81;sin valor;7933.49
20240521;2019;PROCESOS INDUSTRIALES Y USO DE PRODUCTOS ;INDUSTRIA DE LOS MINERALES;PRODUCCION DE CEMENTO;TODAS LAS FUENTES;2A1;4763.47;sin valor;sin valor;sin valor;sin valor;sin valor;4763.47
20240521;2019;PROCESOS INDUSTRIALES Y USO DE PRODUCTOS ;INDUSTRIA DE LOS MINERALES;PRODUCCION DE CAL;sin valor;2A2;756.15;sin valor;sin valor;sin valor;sin valor;sin valor;756.15
20240521;2019;PROCESOS INDUSTRIALES Y USO DE PRODUCTOS ;INDUSTRIA DE LOS MINERALES;PRODUCCION DE VIDRIO;sin valor;2A3;39.01;sin valor;sin valor;sin valor;sin valor;sin valor;39.01
20240521;2019;PROCESOS INDUSTRIALES Y USO DE PRODUCTOS ;INDUSTRIA DE LOS MINERALES;OTROS USOS DE CARBONATOS ;CERAMICAS (LADRILLOS);2A4a;107;sin valor;sin valor;sin valor;sin valor;sin valor;107
20240521;2019;PROCESOS INDUSTRIALES Y USO DE PRODUCTOS ;INDUSTRIA DE LOS MINERALES;OTROS USOS DE CARBONATOS ;OTROS USOS DE LA CENIZA DE SOSA (CARBONATO DE SODIO);2A4b;1.79;sin valor;sin valor;sin valor;sin valor;sin valor;1.79
20240521;2019;PROCESOS INDUSTRIALES Y USO DE PRODUCTOS ;INDUSTRIA QUIMICA;PRODUCCION DE ACIDO NITRICO;sin valor;2B2;sin valor;sin valor;sin valor;0.13;33.76;sin valor;33.76
20240521;2019;PROCESOS INDUSTRIALES Y USO DE PRODUCTOS ;INDUSTRIA QUIMICA;PRODUCCION DE CENIZA DE SOSA (CARBONATO DE SODIO);sin valor;2B7;0.01;sin valor;sin valor;sin valor;sin valor;sin valor;0.01
20240521;2019;PROCESOS INDUSTRIALES Y USO DE PRODUCTOS ;INDUSTRIA DE LOS METALES;PRODUCCION DE HIERRO Y ACERO;sin valor;2C1;250.46;sin valor;sin valor;sin valor;sin valor;sin valor;250.46
20240521;2019;PROCESOS INDUSTRIALES Y USO DE PRODUCTOS ;INDUSTRIA DE LOS METALES;PRODUCCION DE PLOMO;sin valor;2C5;sin valor;sin valor;sin valor;sin valor;sin valor;sin valor;sin valor
20240521;2019;PROCESOS INDUSTRIALES Y USO DE PRODUCTOS ;INDUSTRIA DE LOS METALES;PRODUCCION DE ZINC;sin valor;2C6;613.91;sin valor;sin valor;sin valor;sin valor;sin valor;613.91
20240521;2019;PROCESOS INDUSTRIALES Y USO DE PRODUCTOS ;USO DE PRODUCTOS SUSTITUTOS DE LAS SUSTANCIAS QUE AGOTAN LA CAPA DE OZONO;REFRIGERACION Y AIRE ACONDICIONADO;sin valor;2F1;sin valor;sin valor;sin valor;sin valor;sin valor;909.91;909.91
20240521;2019;AGRICULTURA, SILVICULTURA Y OTROS USOS DE LA TIERRA;GANADO;GANADO;FERMENTACION ENTERICA;3A1;sin valor;551.16;15432.44;sin valor;sin valor;sin valor;15432.44
20240521;2019;AGRICULTURA, SILVICULTURA Y OTROS USOS DE LA TIERRA;GANADO;GANADO;MANEJO DE ESTIERCOL;3A2;sin valor;11.76;329.39;1.23;324.85;sin valor;654.24
20240521;2019;AGRICULTURA, SILVICULTURA Y OTROS USOS DE LA TIERRA;TIERRAS;TIERRAS FORESTALES ;TIERRAS FORESTALES QUE PERMANECEN COMO TIERRAS FORESTALES;3B1a;8243.92;sin valor;sin valor;sin valor;sin valor;sin valor;8243.92
20240521;2019;AGRICULTURA, SILVICULTURA Y OTROS USOS DE LA TIERRA;TIERRAS;TIERRAS FORESTALES ;TIERRAS CONVERTIDAS EN TIERRAS FORESTALES;3B1b;-1962.24;sin valor;sin valor;sin valor;sin valor;sin valor;-1962.24
20240521;2019;AGRICULTURA, SILVICULTURA Y OTROS USOS DE LA TIERRA;TIERRAS;TIERRAS DE CULTIVO ;TIERRAS DE CULTIVO QUE PERMANECEN COMO TIERRAS DE CULTIVO;3B2a;-13.74;sin valor;sin valor;sin valor;sin valor;sin valor;-13.74
20240521;2019;AGRICULTURA, SILVICULTURA Y OTROS USOS DE LA TIERRA;TIERRAS;TIERRAS DE CULTIVO ;TIERRAS CONVERTIDAS EN TIERRAS DE CULTIVO;3B2b;62555.94;sin valor;sin valor;sin valor;sin valor;sin valor;62555.94
20240521;2019;AGRICULTURA, SILVICULTURA Y OTROS USOS DE LA TIERRA;TIERRAS;PASTIZALES ;PASTIZALES QUE PERMANECEN COMO PASTIZALES;3B3a;sin valor;sin valor;sin valor;sin valor;sin valor;sin valor;sin valor
20240521;2019;AGRICULTURA, SILVICULTURA Y OTROS USOS DE LA TIERRA;TIERRAS;PASTIZALES ;TIERRAS CONVERTIDAS EN PASTIZALES ;3B3b;24463.12;sin valor;sin valor;sin valor;sin valor;sin valor;24463.12
20240521;2019;AGRICULTURA, SILVICULTURA Y OTROS USOS DE LA TIERRA;TIERRAS;ASENTAMIENTOS;TIERRAS CONVERTIDAS EN ASENTAMIENTOS;3B5b;7078.75;sin valor;sin valor;sin valor;sin valor;sin valor;7078.75
20240521;2019;AGRICULTURA, SILVICULTURA Y OTROS USOS DE LA TIERRA;TIERRAS;OTRAS TIERRAS;TIERRAS CONVERTIDAS EN OTRAS TIERRAS;3B6b;428.31;sin valor;sin valor;sin valor;sin valor;sin valor;428.31
20240521;2019;AGRICULTURA, SILVICULTURA Y OTROS USOS DE LA TIERRA;FUENTES AGREGADAS Y FUENTES DE EMISION NO-CO2 EN LA TIERRA;EMISIONES POR QUEMA DE BIOMASA ;EMISIONES POR QUEMA DE BIOMASA ;3C1;sin valor;16.5;461.99;1.33;352.82;sin valor;814.8
20240521;2019;AGRICULTURA, SILVICULTURA Y OTROS USOS DE LA TIERRA;FUENTES AGREGADAS Y FUENTES DE EMISION NO-CO2 EN LA TIERRA;APLICACION DE UREA;APLICACION DE UREA;3C3;292.6;sin valor;sin valor;sin valor;sin valor;sin valor;292.6
20240521;2019;AGRICULTURA, SILVICULTURA Y OTROS USOS DE LA TIERRA;FUENTES AGREGADAS Y FUENTES DE EMISION NO-CO2 EN LA TIERRA;EMISIONES DIRECTAS DE N2O DE SUELOS GESTIONADOS;EMISIONES DIRECTAS DE N2O DE SUELOS GESTIONADOS;3C4;sin valor;sin valor;sin valor;25.86;6853.68;sin valor;6853.68
20240521;2019;AGRICULTURA, SILVICULTURA Y OTROS USOS DE LA TIERRA;FUENTES AGREGADAS Y FUENTES DE EMISION NO-CO2 EN LA TIERRA;EMISIONES INDIRECTAS DE N2O DE SUELOS GESTIONADOS;EMISIONES INDIRECTAS DE N2O DE SUELOS GESTIONADOS;3C5;sin valor;sin valor;sin valor;9.26;2454.34;sin valor;2454.34
20240521;2019;AGRICULTURA, SILVICULTURA Y OTROS USOS DE LA TIERRA;FUENTES AGREGADAS Y FUENTES DE EMISION NO-CO2 EN LA TIERRA;EMISIONES INDIRECTAS DE N2O POR MANEJO DEL ESTIERCOL;EMISIONES INDIRECTAS DE N2O POR MANEJO DEL ESTIERCOL;3C6;sin valor;sin valor;sin valor;0.7;185.41;sin valor;185.41
20240521;2019;AGRICULTURA, SILVICULTURA Y OTROS USOS DE LA TIERRA;FUENTES AGREGADAS Y FUENTES DE EMISION NO-CO2 EN LA TIERRA;CULTIVO DE ARROZ;CULTIVO DE ARROZ;3C7;sin valor;63.96;1790.83;sin valor;sin valor;sin valor;1790.83
20240521;2019;DESECHOS;ELIMINACION DE DESECHOS SOLIDOS;ELIMINACION DE DESECHOS SOLIDOS;ELIMINACION DE DESECHOS SOLIDOS;4A;sin valor;231.15;6472.31;sin valor;sin valor;sin valor;6472.31
20240521;2019;DESECHOS;TRATAMIENTO BIOLOGICO DE DESECHOS SOLIDOS;TRATAMIENTO BIOLOGICO DE DESECHOS SOLIDOS;TRATAMIENTO BIOLOGICO DE DESECHOS SOLIDOS;4B;sin valor;0.11;3.04;0.01;1.73;sin valor;4.77
20240521;2019;DESECHOS;INCINERACION E INCINERACION ABIERTA DE DESECHOS SOLIDOS;INCINERACION ABIERTA DE DESECHOS;INCINERACION ABIERTA DE DESECHOS;4C2;4.05;0.06;1.6;0;0.29;sin valor;5.94
20240521;2019;DESECHOS;TRATAMIENTO Y ELIMINACION DE AGUAS RESIDUALES;TRATAMIENTO Y ELIMINACION DE AGUAS RESIDUALES DOMESTICAS;TRATAMIENTO Y ELIMINACION DE AGUAS RESIDUALES DOMESTICAS;4D1;sin valor;87.27;2443.62;1.37;364.02;sin valor;2807.64
20240521;2019;DESECHOS;TRATAMIENTO Y ELIMINACION DE AGUAS RESIDUALES;TRATAMIENTO Y ELIMINACION DE AGUAS RESIDUALES INDUSTRIALES;TRATAMIENTO Y ELIMINACION DE AGUAS RESIDUALES INDUSTRIALES;4D2;sin valor;40.28;1127.71;sin valor;sin valor;sin valor;1127.71
20240521;2016;ENERGIA ;ACTIVIDADES DE QUEMA DE COMBUSTIBLES ;INDUSTRIAS DE ENERGIA;PRODUCCION DE ELECTRICIDAD Y CALOR COMO ACTIVIDAD PRINCIPAL;1A1a;11063.69;0.42;11.8;0.06;16.82;sin valor;11092.3
20240521;2016;ENERGIA ;ACTIVIDADES DE QUEMA DE COMBUSTIBLES ;INDUSTRIAS DE ENERGIA;REFINACION DE PETROLEO;1A1b;2325.94;0.04;1.16;0;1.1;sin valor;2328.2
20240521;2016;ENERGIA ;ACTIVIDADES DE QUEMA DE COMBUSTIBLES ;INDUSTRIAS DE ENERGIA;FABRICACION DE COMBUSTIBLES SOLIDOS Y OTRAS INDUSTRIAS ENERGETICAS;1A1c;2125.75;0.05;1.42;0.01;1.96;sin valor;2129.14
20240521;2016;ENERGIA ;ACTIVIDADES DE QUEMA DE COMBUSTIBLES ;INDUSTRIAS MANUFACTURERAS Y DE LA CONSTRUCCION;MINERIA (CON EXCEPCION DE COMBUSTIBLES) Y CANTERIA;1A2i;1661.27;0.06;1.66;0.01;2.88;sin valor;1665.81
20240521;2016;ENERGIA ;ACTIVIDADES DE QUEMA DE COMBUSTIBLES ;INDUSTRIAS MANUFACTURERAS Y DE LA CONSTRUCCION;INDUSTRIA NO ESPECIFICADA;1A2m;7064;1.53;42.83;0.18;47.89;sin valor;7154.72
20240521;2016;ENERGIA ;ACTIVIDADES DE QUEMA DE COMBUSTIBLES ;TRANSPORTE;AVIACION CIVIL;1A3a;1079.29;0.01;0.21;0.03;7.81;sin valor;1087.31
20240521;2016;ENERGIA ;ACTIVIDADES DE QUEMA DE COMBUSTIBLES ;TRANSPORTE;TRANSPORTE TERRESTRE;1A3b;18561.1;7.64;213.79;0.97;255.75;sin valor;19030.64
20240521;2016;ENERGIA ;ACTIVIDADES DE QUEMA DE COMBUSTIBLES ;TRANSPORTE;FERROCARRILES;1A3c;109.09;0.01;0.17;0.04;11.16;sin valor;120.42
20240521;2016;ENERGIA ;ACTIVIDADES DE QUEMA DE COMBUSTIBLES ;TRANSPORTE;NAVEGACION MARITIMA Y FLUVIAL;1A3d;510.12;0.05;1.35;0.01;3.65;sin valor;515.12
20240521;2016;ENERGIA ;ACTIVIDADES DE QUEMA DE COMBUSTIBLES ;TRANSPORTE;OTRO TIPO DE TRANSPORTE;1A3e;15.68;0;0.12;0;0.66;sin valor;16.46
20240521;2016;ENERGIA ;ACTIVIDADES DE QUEMA DE COMBUSTIBLES ;OTROS SECTORES;COMERCIAL/INSTITUCIONAL;1A4a;1232.57;1.46;41;0.02;6.59;sin valor;1280.17
20240521;2016;ENERGIA ;ACTIVIDADES DE QUEMA DE COMBUSTIBLES ;OTROS SECTORES;RESIDENCIAL ;1A4b;2482.99;25.78;721.79;0.34;90.01;sin valor;3294.79
20240521;2016;ENERGIA ;ACTIVIDADES DE QUEMA DE COMBUSTIBLES ;OTROS SECTORES;AGRICULTURA;1A4c;136.31;0.05;1.32;0;0.39;sin valor;138.02
20240521;2016;ENERGIA ;ACTIVIDADES DE QUEMA DE COMBUSTIBLES ;OTROS SECTORES;PESCA;1A4c;210.88;0.04;1.05;0;0.5;sin valor;212.44
20240521;2016;ENERGIA ;ACTIVIDADES DE QUEMA DE COMBUSTIBLES ;NO ESPECIFICADO;MOVIL;1A5b;10.43;0;0;0;0.08;sin valor;10.51
20240521;2016;ENERGIA ;EMISIONES FUGITIVAS PROVENIENTES DE LA FABRICACION DE COMBUSTIBLES;COMBUSTIBLES SOLIDOS;MINERIA Y MANEJO DEL CARBON ;1B1a;sin valor;3.64;101.93;sin valor;sin valor;sin valor;101.93
20240521;2016;ENERGIA ;EMISIONES FUGITIVAS PROVENIENTES DE LA FABRICACION DE COMBUSTIBLES;COMBUSTIBLES SOLIDOS;TRANSFORMACION DE COMBUSTIBLES SOLIDOS;1B1c;sin valor;2.38;66.58;0;1.25;sin valor;67.83
20240521;2016;ENERGIA ;EMISIONES FUGITIVAS PROVENIENTES DE LA FABRICACION DE COMBUSTIBLES;PETROLEO Y GAS NATURAL;PETROLEO;1B2a;200.07;51.4;1439.33;0;0.37;sin valor;1639.77
20240521;2016;ENERGIA ;EMISIONES FUGITIVAS PROVENIENTES DE LA FABRICACION DE COMBUSTIBLES;PETROLEO Y GAS NATURAL;GAS NATURAL;1B2b;174.98;274.4;7683.09;0;0.53;sin valor;7858.6
20240521;2016;PROCESOS INDUSTRIALES Y USO DE PRODUCTOS ;INDUSTRIA DE LOS MINERALES;PRODUCCION DE CEMENTO;TODAS LAS FUENTES;2A1;4223.48;sin valor;sin valor;sin valor;sin valor;sin valor;4223.48
20240521;2016;PROCESOS INDUSTRIALES Y USO DE PRODUCTOS ;INDUSTRIA DE LOS MINERALES;PRODUCCION DE CAL;sin valor;2A2;702.85;sin valor;sin valor;sin valor;sin valor;sin valor;702.85
20240521;2016;PROCESOS INDUSTRIALES Y USO DE PRODUCTOS ;INDUSTRIA DE LOS MINERALES;PRODUCCION DE VIDRIO;sin valor;2A3;35.24;sin valor;sin valor;sin valor;sin valor;sin valor;35.24
20240521;2016;PROCESOS INDUSTRIALES Y USO DE PRODUCTOS ;INDUSTRIA DE LOS MINERALES;OTROS USOS DE CARBONATOS ;CERAMICAS (LADRILLOS);2A4a;122.61;sin valor;sin valor;sin valor;sin valor;sin valor;122.61
20240521;2016;PROCESOS INDUSTRIALES Y USO DE PRODUCTOS ;INDUSTRIA DE LOS MINERALES;OTROS USOS DE CARBONATOS ;OTROS USOS DE LA CENIZA DE SOSA (CARBONATO DE SODIO);2A4b;19.51;sin valor;sin valor;sin valor;sin valor;sin valor;19.51
20240521;2016;PROCESOS INDUSTRIALES Y USO DE PRODUCTOS ;INDUSTRIA QUIMICA;PRODUCCION DE ACIDO NITRICO;sin valor;2B2;sin valor;sin valor;sin valor;0.11;30.34;sin valor;30.34
20240521;2016;PROCESOS INDUSTRIALES Y USO DE PRODUCTOS ;INDUSTRIA QUIMICA;PRODUCCION DE CENIZA DE SOSA (CARBONATO DE SODIO);sin valor;2B7;0.06;sin valor;sin valor;sin valor;sin valor;sin valor;0.06
20240521;2016;PROCESOS INDUSTRIALES Y USO DE PRODUCTOS ;INDUSTRIA DE LOS METALES;PRODUCCION DE HIERRO Y ACERO;sin valor;2C1;390.54;0;0;sin valor;sin valor;sin valor;390.54
20240521;2016;PROCESOS INDUSTRIALES Y USO DE PRODUCTOS ;INDUSTRIA DE LOS METALES;PRODUCCION DE PLOMO;sin valor;2C5;sin valor;sin valor;sin valor;sin valor;sin valor;sin valor;sin valor
20240521;2016;PROCESOS INDUSTRIALES Y USO DE PRODUCTOS ;INDUSTRIA DE LOS METALES;PRODUCCION DE ZINC;sin valor;2C6;537.22;sin valor;sin valor;sin valor;sin valor;sin valor;537.22
20240521;2016;PROCESOS INDUSTRIALES Y USO DE PRODUCTOS ;USO DE PRODUCTOS SUSTITUTOS DE LAS SUSTANCIAS QUE AGOTAN LA CAPA DE OZONO;REFRIGERACION Y AIRE ACONDICIONADO;sin valor;2F1;sin valor;sin valor;sin valor;sin valor;sin valor;502.35;502.35
20240521;2016;AGRICULTURA, SILVICULTURA Y OTROS USOS DE LA TIERRA;GANADO;GANADO;FERMENTACION ENTERICA;3A1;sin valor;545.88;15284.69;sin valor;sin valor;sin valor;15284.69
20240521;2016;AGRICULTURA, SILVICULTURA Y OTROS USOS DE LA TIERRA;GANADO;GANADO;MANEJO DE ESTIERCOL;3A2;sin valor;11.72;328.05;1.2;319.1;sin valor;647.14
20240521;2016;AGRICULTURA, SILVICULTURA Y OTROS USOS DE LA TIERRA;TIERRAS;TIERRAS FORESTALES ;TIERRAS FORESTALES QUE PERMANECEN COMO TIERRAS FORESTALES;3B1a;11072.79;sin valor;sin valor;sin valor;sin valor;sin valor;11072.79
20240521;2016;AGRICULTURA, SILVICULTURA Y OTROS USOS DE LA TIERRA;TIERRAS;TIERRAS FORESTALES ;TIERRAS CONVERTIDAS EN TIERRAS FORESTALES;3B1b;-2455.67;sin valor;sin valor;sin valor;sin valor;sin valor;-2455.67
20240521;2016;AGRICULTURA, SILVICULTURA Y OTROS USOS DE LA TIERRA;TIERRAS;TIERRAS DE CULTIVO ;TIERRAS DE CULTIVO QUE PERMANECEN COMO TIERRAS DE CULTIVO;3B2a;-172.52;sin valor;sin valor;sin valor;sin valor;sin valor;-172.52
20240521;2016;AGRICULTURA, SILVICULTURA Y OTROS USOS DE LA TIERRA;TIERRAS;TIERRAS DE CULTIVO ;TIERRAS CONVERTIDAS EN TIERRAS DE CULTIVO;3B2b;64643.22;sin valor;sin valor;sin valor;sin valor;sin valor;64643.22
20240521;2016;AGRICULTURA, SILVICULTURA Y OTROS USOS DE LA TIERRA;TIERRAS;PASTIZALES ;PASTIZALES QUE PERMANECEN COMO PASTIZALES;3B3a;sin valor;sin valor;sin valor;sin valor;sin valor;sin valor;sin valor
20240521;2016;AGRICULTURA, SILVICULTURA Y OTROS USOS DE LA TIERRA;TIERRAS;PASTIZALES ;TIERRAS CONVERTIDAS EN PASTIZALES ;3B3b;22655.35;sin valor;sin valor;sin valor;sin valor;sin valor;22655.35
20240521;2016;AGRICULTURA, SILVICULTURA Y OTROS USOS DE LA TIERRA;TIERRAS;ASENTAMIENTOS;TIERRAS CONVERTIDAS EN ASENTAMIENTOS;3B5b;4492.54;sin valor;sin valor;sin valor;sin valor;sin valor;4492.54
20240521;2016;AGRICULTURA, SILVICULTURA Y OTROS USOS DE LA TIERRA;TIERRAS;OTRAS TIERRAS;TIERRAS CONVERTIDAS EN OTRAS TIERRAS;3B6b;107.05;sin valor;sin valor;sin valor;sin valor;sin valor;107.05
20240521;2016;AGRICULTURA, SILVICULTURA Y OTROS USOS DE LA TIERRA;FUENTES AGREGADAS Y FUENTES DE EMISION NO-CO2 EN LA TIERRA;EMISIONES POR QUEMA DE BIOMASA ;EMISIONES POR QUEMA DE BIOMASA ;3C1;sin valor;16.56;463.73;1.33;353.73;sin valor;817.46
20240521;2016;AGRICULTURA, SILVICULTURA Y OTROS USOS DE LA TIERRA;FUENTES AGREGADAS Y FUENTES DE EMISION NO-CO2 EN LA TIERRA;APLICACION DE UREA;APLICACION DE UREA;3C3;262.54;sin valor;sin valor;sin valor;sin valor;sin valor;262.54
20240521;2016;AGRICULTURA, SILVICULTURA Y OTROS USOS DE LA TIERRA;FUENTES AGREGADAS Y FUENTES DE EMISION NO-CO2 EN LA TIERRA;EMISIONES DIRECTAS DE N2O DE SUELOS GESTIONADOS;EMISIONES DIRECTAS DE N2O DE SUELOS GESTIONADOS;3C4;sin valor;sin valor;sin valor;24.69;6543.44;sin valor;6543.44
20240521;2016;AGRICULTURA, SILVICULTURA Y OTROS USOS DE LA TIERRA;FUENTES AGREGADAS Y FUENTES DE EMISION NO-CO2 EN LA TIERRA;EMISIONES INDIRECTAS DE N2O DE SUELOS GESTIONADOS;EMISIONES INDIRECTAS DE N2O DE SUELOS GESTIONADOS;3C5;sin valor;sin valor;sin valor;8.89;2355.11;sin valor;2355.11
20240521;2016;AGRICULTURA, SILVICULTURA Y OTROS USOS DE LA TIERRA;FUENTES AGREGADAS Y FUENTES DE EMISION NO-CO2 EN LA TIERRA;EMISIONES INDIRECTAS DE N2O POR MANEJO DEL ESTIERCOL;EMISIONES INDIRECTAS DE N2O POR MANEJO DEL ESTIERCOL;3C6;sin valor;sin valor;sin valor;0.67;177.95;sin valor;177.95
20240521;2016;AGRICULTURA, SILVICULTURA Y OTROS USOS DE LA TIERRA;FUENTES AGREGADAS Y FUENTES DE EMISION NO-CO2 EN LA TIERRA;CULTIVO DE ARROZ;CULTIVO DE ARROZ;3C7;sin valor;64.73;1812.47;sin valor;sin valor;sin valor;1812.47
20240521;2016;DESECHOS;ELIMINACION DE DESECHOS SOLIDOS;ELIMINACION DE DESECHOS SOLIDOS;ELIMINACION DE DESECHOS SOLIDOS;4A;sin valor;199.71;5591.83;sin valor;sin valor;sin valor;5591.83
20240521;2016;DESECHOS;TRATAMIENTO BIOLOGICO DE DESECHOS SOLIDOS;TRATAMIENTO BIOLOGICO DE DESECHOS SOLIDOS;TRATAMIENTO BIOLOGICO DE DESECHOS SOLIDOS;4B;sin valor;sin valor;sin valor;sin valor;sin valor;sin valor;sin valor
20240521;2016;DESECHOS;INCINERACION E INCINERACION ABIERTA DE DESECHOS SOLIDOS;INCINERACION ABIERTA DE DESECHOS;INCINERACION ABIERTA DE DESECHOS;4C2;29.19;0.41;11.58;0.01;2.11;sin valor;42.88
20240521;2016;DESECHOS;TRATAMIENTO Y ELIMINACION DE AGUAS RESIDUALES;TRATAMIENTO Y ELIMINACION DE AGUAS RESIDUALES DOMESTICAS;TRATAMIENTO Y ELIMINACION DE AGUAS RESIDUALES DOMESTICAS;4D1;sin valor;96.6;2704.86;1.33;352.74;sin valor;3057.6
20240521;2016;DESECHOS;TRATAMIENTO Y ELIMINACION DE AGUAS RESIDUALES;TRATAMIENTO Y ELIMINACION DE AGUAS RESIDUALES INDUSTRIALES;TRATAMIENTO Y ELIMINACION DE AGUAS RESIDUALES INDUSTRIALES;4D2;sin valor;36.02;1008.57;sin valor;sin valor;sin valor;1008.57
20240521;2014;ENERGIA ;ACTIVIDADES DE QUEMA DE COMBUSTIBLES ;INDUSTRIAS DE ENERGIA;PRODUCCION DE ELECTRICIDAD Y CALOR COMO ACTIVIDAD PRINCIPAL;1A1a;8814.3;0.43;12.05;0.06;14.69;sin valor;8841.05
20240521;2014;ENERGIA ;ACTIVIDADES DE QUEMA DE COMBUSTIBLES ;INDUSTRIAS DE ENERGIA;REFINACION DE PETROLEO;1A1b;2809.8;0.05;1.4;0;1.32;sin valor;2812.52
20240521;2014;ENERGIA ;ACTIVIDADES DE QUEMA DE COMBUSTIBLES ;INDUSTRIAS DE ENERGIA;FABRICACION DE COMBUSTIBLES SOLIDOS Y OTRAS INDUSTRIAS ENERGETICAS;1A1c;2722.12;0.07;1.89;0.01;2.7;sin valor;2726.72
20240521;2014;ENERGIA ;ACTIVIDADES DE QUEMA DE COMBUSTIBLES ;INDUSTRIAS MANUFACTURERAS Y DE LA CONSTRUCCION;MINERIA (CON EXCEPCION DE COMBUSTIBLES) Y CANTERIA;1A2i;1275;0.04;1.24;0.01;2.13;sin valor;1278.37
20240521;2014;ENERGIA ;ACTIVIDADES DE QUEMA DE COMBUSTIBLES ;INDUSTRIAS MANUFACTURERAS Y DE LA CONSTRUCCION;INDUSTRIA NO ESPECIFICADA;1A2m;7343.85;1.83;51.34;0.22;58.15;sin valor;7453.33
20240521;2014;ENERGIA ;ACTIVIDADES DE QUEMA DE COMBUSTIBLES ;TRANSPORTE;AVIACION CIVIL;1A3a;850.88;0.01;0.17;0.02;6.26;sin valor;857.3
20240521;2014;ENERGIA ;ACTIVIDADES DE QUEMA DE COMBUSTIBLES ;TRANSPORTE;TRANSPORTE TERRESTRE;1A3b;15543.04;6.53;182.91;0.81;214.26;sin valor;15940.2
20240521;2014;ENERGIA ;ACTIVIDADES DE QUEMA DE COMBUSTIBLES ;TRANSPORTE;FERROCARRILES;1A3c;79.44;0;0.12;0.03;8.13;sin valor;87.69
20240521;2014;ENERGIA ;ACTIVIDADES DE QUEMA DE COMBUSTIBLES ;TRANSPORTE;NAVEGACION MARITIMA Y FLUVIAL;1A3d;248.11;0.02;0.68;0.01;1.83;sin valor;250.62
20240521;2014;ENERGIA ;ACTIVIDADES DE QUEMA DE COMBUSTIBLES ;TRANSPORTE;OTRO TIPO DE TRANSPORTE;1A3e;31.94;0;0.05;0;0.28;sin valor;32.27
20240521;2014;ENERGIA ;ACTIVIDADES DE QUEMA DE COMBUSTIBLES ;OTROS SECTORES;COMERCIAL/INSTITUCIONAL;1A4a;1285.62;1.4;39.28;0.02;6.55;sin valor;1331.44
20240521;2014;ENERGIA ;ACTIVIDADES DE QUEMA DE COMBUSTIBLES ;OTROS SECTORES;RESIDENCIAL ;1A4b;2225.55;26.84;751.48;0.35;93.48;sin valor;3070.51
20240521;2014;ENERGIA ;ACTIVIDADES DE QUEMA DE COMBUSTIBLES ;OTROS SECTORES;AGRICULTURA;1A4c;137.2;0.06;1.81;0;0.41;sin valor;139.42
20240521;2014;ENERGIA ;ACTIVIDADES DE QUEMA DE COMBUSTIBLES ;OTROS SECTORES;PESCA;1A4c;215.52;0.04;1.07;0;0.51;sin valor;217.11
20240521;2014;ENERGIA ;ACTIVIDADES DE QUEMA DE COMBUSTIBLES ;NO ESPECIFICADO;MOVIL;1A5b;73.11;0;0.01;0;0.54;sin valor;73.67
20240521;2014;ENERGIA ;EMISIONES FUGITIVAS PROVENIENTES DE LA FABRICACION DE COMBUSTIBLES;COMBUSTIBLES SOLIDOS;MINERIA Y MANEJO DEL CARBON ;1B1a;sin valor;3.13;87.76;sin valor;sin valor;sin valor;87.76
20240521;2014;ENERGIA ;EMISIONES FUGITIVAS PROVENIENTES DE LA FABRICACION DE COMBUSTIBLES;COMBUSTIBLES SOLIDOS;TRANSFORMACION DE COMBUSTIBLES SOLIDOS;1B1c;sin valor;2.5;69.96;0;1.31;sin valor;71.28
20240521;2014;ENERGIA ;EMISIONES FUGITIVAS PROVENIENTES DE LA FABRICACION DE COMBUSTIBLES;PETROLEO Y GAS NATURAL;PETROLEO;1B2a;354.7;91.14;2551.84;0;0.66;sin valor;2907.2
20240521;2014;ENERGIA ;EMISIONES FUGITIVAS PROVENIENTES DE LA FABRICACION DE COMBUSTIBLES;PETROLEO Y GAS NATURAL;GAS NATURAL;1B2b;469.86;280.67;7858.76;0.01;1.43;sin valor;8330.05
20240521;2014;PROCESOS INDUSTRIALES Y USO DE PRODUCTOS ;INDUSTRIA DE LOS MINERALES;PRODUCCION DE CEMENTO;TODAS LAS FUENTES;2A1;4590.8;sin valor;sin valor;sin valor;sin valor;sin valor;4590.8
20240521;2014;PROCESOS INDUSTRIALES Y USO DE PRODUCTOS ;INDUSTRIA DE LOS MINERALES;PRODUCCION DE CAL;sin valor;2A2;392.26;sin valor;sin valor;sin valor;sin valor;sin valor;392.26
20240521;2014;PROCESOS INDUSTRIALES Y USO DE PRODUCTOS ;INDUSTRIA DE LOS MINERALES;PRODUCCION DE VIDRIO;sin valor;2A3;33.32;sin valor;sin valor;sin valor;sin valor;sin valor;33.32
20240521;2014;PROCESOS INDUSTRIALES Y USO DE PRODUCTOS ;INDUSTRIA DE LOS MINERALES;OTROS USOS DE CARBONATOS ;CERAMICAS (LADRILLOS);2A4a;128.23;sin valor;sin valor;sin valor;sin valor;sin valor;128.23
20240521;2014;PROCESOS INDUSTRIALES Y USO DE PRODUCTOS ;INDUSTRIA DE LOS MINERALES;OTROS USOS DE CARBONATOS ;OTROS USOS DE LA CENIZA DE SOSA (CARBONATO DE SODIO);2A4b;20.07;sin valor;sin valor;sin valor;sin valor;sin valor;20.07
20240521;2014;PROCESOS INDUSTRIALES Y USO DE PRODUCTOS ;INDUSTRIA QUIMICA;PRODUCCION DE ACIDO NITRICO;sin valor;2B2;sin valor;sin valor;sin valor;0.13;33.19;sin valor;33.19
20240521;2014;PROCESOS INDUSTRIALES Y USO DE PRODUCTOS ;INDUSTRIA QUIMICA;PRODUCCION DE CENIZA DE SOSA (CARBONATO DE SODIO);sin valor;2B7;0.11;sin valor;sin valor;sin valor;sin valor;sin valor;0.11
20240521;2014;PROCESOS INDUSTRIALES Y USO DE PRODUCTOS ;INDUSTRIA DE LOS METALES;PRODUCCION DE HIERRO Y ACERO;sin valor;2C1;157.85;0;0.03;sin valor;sin valor;sin valor;157.88
20240521;2014;PROCESOS INDUSTRIALES Y USO DE PRODUCTOS ;INDUSTRIA DE LOS METALES;PRODUCCION DE PLOMO;sin valor;2C5;sin valor;sin valor;sin valor;sin valor;sin valor;sin valor;sin valor
20240521;2014;PROCESOS INDUSTRIALES Y USO DE PRODUCTOS ;INDUSTRIA DE LOS METALES;PRODUCCION DE ZINC;sin valor;2C6;578.7;sin valor;sin valor;sin valor;sin valor;sin valor;578.7
20240521;2014;PROCESOS INDUSTRIALES Y USO DE PRODUCTOS ;USO DE PRODUCTOS SUSTITUTOS DE LAS SUSTANCIAS QUE AGOTAN LA CAPA DE OZONO;REFRIGERACION Y AIRE ACONDICIONADO;sin valor;2F1;sin valor;sin valor;sin valor;sin valor;sin valor;313.99;313.99
20240521;2014;AGRICULTURA, SILVICULTURA Y OTROS USOS DE LA TIERRA;GANADO;GANADO;FERMENTACION ENTERICA;3A1;sin valor;550.82;15422.98;sin valor;sin valor;sin valor;15422.98
20240521;2014;AGRICULTURA, SILVICULTURA Y OTROS USOS DE LA TIERRA;GANADO;GANADO;MANEJO DE ESTIERCOL;3A2;sin valor;12.34;345.47;1.22;322.6;sin valor;668.07
20240521;2014;AGRICULTURA, SILVICULTURA Y OTROS USOS DE LA TIERRA;TIERRAS;TIERRAS FORESTALES ;TIERRAS FORESTALES QUE PERMANECEN COMO TIERRAS FORESTALES;3B1a;13942.48;sin valor;sin valor;sin valor;sin valor;sin valor;13942.48
20240521;2014;AGRICULTURA, SILVICULTURA Y OTROS USOS DE LA TIERRA;TIERRAS;TIERRAS FORESTALES ;TIERRAS CONVERTIDAS EN TIERRAS FORESTALES;3B1b;-1482.75;sin valor;sin valor;sin valor;sin valor;sin valor;-1482.75
20240521;2014;AGRICULTURA, SILVICULTURA Y OTROS USOS DE LA TIERRA;TIERRAS;TIERRAS DE CULTIVO ;TIERRAS DE CULTIVO QUE PERMANECEN COMO TIERRAS DE CULTIVO;3B2a;-198.72;sin valor;sin valor;sin valor;sin valor;sin valor;-198.72
20240521;2014;AGRICULTURA, SILVICULTURA Y OTROS USOS DE LA TIERRA;TIERRAS;TIERRAS DE CULTIVO ;TIERRAS CONVERTIDAS EN TIERRAS DE CULTIVO;3B2b;49599.57;sin valor;sin valor;sin valor;sin valor;sin valor;49599.57
20240521;2014;AGRICULTURA, SILVICULTURA Y OTROS USOS DE LA TIERRA;TIERRAS;PASTIZALES ;PASTIZALES QUE PERMANECEN COMO PASTIZALES;3B3a;sin valor;sin valor;sin valor;sin valor;sin valor;sin valor;sin valor
20240521;2014;AGRICULTURA, SILVICULTURA Y OTROS USOS DE LA TIERRA;TIERRAS;PASTIZALES ;TIERRAS CONVERTIDAS EN PASTIZALES ;3B3b;22126.54;sin valor;sin valor;sin valor;sin valor;sin valor;22126.54
20240521;2014;AGRICULTURA, SILVICULTURA Y OTROS USOS DE LA TIERRA;TIERRAS;ASENTAMIENTOS;TIERRAS CONVERTIDAS EN ASENTAMIENTOS;3B5b;4643.34;sin valor;sin valor;sin valor;sin valor;sin valor;4643.34
20240521;2014;AGRICULTURA, SILVICULTURA Y OTROS USOS DE LA TIERRA;TIERRAS;OTRAS TIERRAS;TIERRAS CONVERTIDAS EN OTRAS TIERRAS;3B6b;126.6;sin valor;sin valor;sin valor;sin valor;sin valor;126.6
20240521;2014;AGRICULTURA, SILVICULTURA Y OTROS USOS DE LA TIERRA;FUENTES AGREGADAS Y FUENTES DE EMISION NO-CO2 EN LA TIERRA;EMISIONES POR QUEMA DE BIOMASA ;EMISIONES POR QUEMA DE BIOMASA ;3C1;sin valor;16.49;461.6;1.33;353;sin valor;814.6
20240521;2014;AGRICULTURA, SILVICULTURA Y OTROS USOS DE LA TIERRA;FUENTES AGREGADAS Y FUENTES DE EMISION NO-CO2 EN LA TIERRA;APLICACION DE UREA;APLICACION DE UREA;3C3;250.73;sin valor;sin valor;sin valor;sin valor;sin valor;250.73
20240521;2014;AGRICULTURA, SILVICULTURA Y OTROS USOS DE LA TIERRA;FUENTES AGREGADAS Y FUENTES DE EMISION NO-CO2 EN LA TIERRA;EMISIONES DIRECTAS DE N2O DE SUELOS GESTIONADOS;EMISIONES DIRECTAS DE N2O DE SUELOS GESTIONADOS;3C4;sin valor;sin valor;sin valor;24.78;6566.12;sin valor;6566.12
20240521;2014;AGRICULTURA, SILVICULTURA Y OTROS USOS DE LA TIERRA;FUENTES AGREGADAS Y FUENTES DE EMISION NO-CO2 EN LA TIERRA;EMISIONES INDIRECTAS DE N2O DE SUELOS GESTIONADOS;EMISIONES INDIRECTAS DE N2O DE SUELOS GESTIONADOS;3C5;sin valor;sin valor;sin valor;8.86;2347.23;sin valor;2347.23
20240521;2014;AGRICULTURA, SILVICULTURA Y OTROS USOS DE LA TIERRA;FUENTES AGREGADAS Y FUENTES DE EMISION NO-CO2 EN LA TIERRA;EMISIONES INDIRECTAS DE N2O POR MANEJO DEL ESTIERCOL;EMISIONES INDIRECTAS DE N2O POR MANEJO DEL ESTIERCOL;3C6;sin valor;sin valor;sin valor;0.64;170.2;sin valor;170.2
20240521;2014;AGRICULTURA, SILVICULTURA Y OTROS USOS DE LA TIERRA;FUENTES AGREGADAS Y FUENTES DE EMISION NO-CO2 EN LA TIERRA;CULTIVO DE ARROZ;CULTIVO DE ARROZ;3C7;sin valor;58.85;1647.77;sin valor;sin valor;sin valor;1647.77
20240521;2014;DESECHOS;ELIMINACION DE DESECHOS SOLIDOS;ELIMINACION DE DESECHOS SOLIDOS;ELIMINACION DE DESECHOS SOLIDOS;4A;sin valor;177.86;4980;sin valor;sin valor;sin valor;4980
20240521;2014;DESECHOS;TRATAMIENTO BIOLOGICO DE DESECHOS SOLIDOS;TRATAMIENTO BIOLOGICO DE DESECHOS SOLIDOS;TRATAMIENTO BIOLOGICO DE DESECHOS SOLIDOS;4B;sin valor;sin valor;sin valor;sin valor;sin valor;sin valor;sin valor
20240521;2014;DESECHOS;INCINERACION E INCINERACION ABIERTA DE DESECHOS SOLIDOS;INCINERACION ABIERTA DE DESECHOS;INCINERACION ABIERTA DE DESECHOS;4C2;35.53;0.51;14.22;0.01;2.56;sin valor;52.31
20240521;2014;DESECHOS;TRATAMIENTO Y ELIMINACION DE AGUAS RESIDUALES;TRATAMIENTO Y ELIMINACION DE AGUAS RESIDUALES DOMESTICAS;TRATAMIENTO Y ELIMINACION DE AGUAS RESIDUALES DOMESTICAS;4D1;sin valor;105.62;2957.39;1.3;345.18;sin valor;3302.58
20240521;2014;DESECHOS;TRATAMIENTO Y ELIMINACION DE AGUAS RESIDUALES;TRATAMIENTO Y ELIMINACION DE AGUAS RESIDUALES INDUSTRIALES;TRATAMIENTO Y ELIMINACION DE AGUAS RESIDUALES INDUSTRIALES;4D2;sin valor;35.99;1007.86;sin valor;sin valor;sin valor;1007.86
20240521;2012;ENERGIA ;ACTIVIDADES DE QUEMA DE COMBUSTIBLES ;INDUSTRIAS DE ENERGIA;PRODUCCION DE ELECTRICIDAD Y CALOR COMO ACTIVIDAD PRINCIPAL;1A1a;8869.76;0.41;11.35;0.06;15.59;sin valor;8896.7
20240521;2012;ENERGIA ;ACTIVIDADES DE QUEMA DE COMBUSTIBLES ;INDUSTRIAS DE ENERGIA;REFINACION DE PETROLEO;1A1b;1949.96;0.04;0.98;0;0.94;sin valor;1951.88
20240521;2012;ENERGIA ;ACTIVIDADES DE QUEMA DE COMBUSTIBLES ;INDUSTRIAS DE ENERGIA;FABRICACION DE COMBUSTIBLES SOLIDOS Y OTRAS INDUSTRIAS ENERGETICAS;1A1c;2376.19;0.06;1.7;0.01;1.91;sin valor;2379.8
20240521;2012;ENERGIA ;ACTIVIDADES DE QUEMA DE COMBUSTIBLES ;INDUSTRIAS MANUFACTURERAS Y DE LA CONSTRUCCION;MINERIA (CON EXCEPCION DE COMBUSTIBLES) Y CANTERIA;1A2i;1233.26;0.04;1.23;0.01;2.13;sin valor;1236.61
20240521;2012;ENERGIA ;ACTIVIDADES DE QUEMA DE COMBUSTIBLES ;INDUSTRIAS MANUFACTURERAS Y DE LA CONSTRUCCION;INDUSTRIA NO ESPECIFICADA;1A2m;6878.56;1.72;48.1;0.2;53.8;sin valor;6980.46
20240521;2012;ENERGIA ;ACTIVIDADES DE QUEMA DE COMBUSTIBLES ;TRANSPORTE;AVIACION CIVIL;1A3a;927.93;0.01;0.18;0.03;6.8;sin valor;934.92
20240521;2012;ENERGIA ;ACTIVIDADES DE QUEMA DE COMBUSTIBLES ;TRANSPORTE;TRANSPORTE TERRESTRE;1A3b;14405.46;5.56;155.55;0.76;200.08;sin valor;14761.09
20240521;2012;ENERGIA ;ACTIVIDADES DE QUEMA DE COMBUSTIBLES ;TRANSPORTE;FERROCARRILES;1A3c;63.42;0;0.1;0.02;6.49;sin valor;70
20240521;2012;ENERGIA ;ACTIVIDADES DE QUEMA DE COMBUSTIBLES ;TRANSPORTE;NAVEGACION MARITIMA Y FLUVIAL;1A3d;451.69;0.04;1.19;0.01;3.23;sin valor;456.1
20240521;2012;ENERGIA ;ACTIVIDADES DE QUEMA DE COMBUSTIBLES ;TRANSPORTE;OTRO TIPO DE TRANSPORTE;1A3e;8.63;0;0.02;0;0.05;sin valor;8.7
20240521;2012;ENERGIA ;ACTIVIDADES DE QUEMA DE COMBUSTIBLES ;OTROS SECTORES;COMERCIAL/INSTITUCIONAL;1A4a;1163.44;1.26;35.23;0.02;5.89;sin valor;1204.55
20240521;2012;ENERGIA ;ACTIVIDADES DE QUEMA DE COMBUSTIBLES ;OTROS SECTORES;RESIDENCIAL ;1A4b;2034.01;29.81;834.82;0.39;103.98;sin valor;2972.8
20240521;2012;ENERGIA ;ACTIVIDADES DE QUEMA DE COMBUSTIBLES ;OTROS SECTORES;AGRICULTURA;1A4c;139.82;0.07;1.96;0;0.42;sin valor;142.21
20240521;2012;ENERGIA ;ACTIVIDADES DE QUEMA DE COMBUSTIBLES ;OTROS SECTORES;PESCA;1A4c;214.74;0.04;1.08;0;0.51;sin valor;216.34
20240521;2012;ENERGIA ;ACTIVIDADES DE QUEMA DE COMBUSTIBLES ;NO ESPECIFICADO;MOVIL;1A5b;71.33;0;0.01;0;0.53;sin valor;71.87
20240521;2012;ENERGIA ;EMISIONES FUGITIVAS PROVENIENTES DE LA FABRICACION DE COMBUSTIBLES;COMBUSTIBLES SOLIDOS;MINERIA Y MANEJO DEL CARBON ;1B1a;sin valor;3.1;86.87;sin valor;sin valor;sin valor;86.87
20240521;2012;ENERGIA ;EMISIONES FUGITIVAS PROVENIENTES DE LA FABRICACION DE COMBUSTIBLES;COMBUSTIBLES SOLIDOS;TRANSFORMACION DE COMBUSTIBLES SOLIDOS;1B1c;sin valor;2.74;76.73;0.01;1.44;sin valor;78.17
20240521;2012;ENERGIA ;EMISIONES FUGITIVAS PROVENIENTES DE LA FABRICACION DE COMBUSTIBLES;PETROLEO Y GAS NATURAL;PETROLEO;1B2a;340.93;87.6;2452.75;0;0.64;sin valor;2794.31
20240521;2012;ENERGIA ;EMISIONES FUGITIVAS PROVENIENTES DE LA FABRICACION DE COMBUSTIBLES;PETROLEO Y GAS NATURAL;GAS NATURAL;1B2b;328.49;234.1;6554.73;0;1;sin valor;6884.22
20240521;2012;PROCESOS INDUSTRIALES Y USO DE PRODUCTOS ;INDUSTRIA DE LOS MINERALES;PRODUCCION DE CEMENTO;TODAS LAS FUENTES;2A1;3731.34;sin valor;sin valor;sin valor;sin valor;sin valor;3731.34
20240521;2012;PROCESOS INDUSTRIALES Y USO DE PRODUCTOS ;INDUSTRIA DE LOS MINERALES;PRODUCCION DE CAL;sin valor;2A2;319.64;sin valor;sin valor;sin valor;sin valor;sin valor;319.64
20240521;2012;PROCESOS INDUSTRIALES Y USO DE PRODUCTOS ;INDUSTRIA DE LOS MINERALES;PRODUCCION DE VIDRIO;sin valor;2A3;34.81;sin valor;sin valor;sin valor;sin valor;sin valor;34.81
20240521;2012;PROCESOS INDUSTRIALES Y USO DE PRODUCTOS ;INDUSTRIA DE LOS MINERALES;OTROS USOS DE CARBONATOS ;CERAMICAS (LADRILLOS);2A4a;111.43;sin valor;sin valor;sin valor;sin valor;sin valor;111.43
20240521;2012;PROCESOS INDUSTRIALES Y USO DE PRODUCTOS ;INDUSTRIA DE LOS MINERALES;OTROS USOS DE CARBONATOS ;OTROS USOS DE LA CENIZA DE SOSA (CARBONATO DE SODIO);2A4b;19.27;sin valor;sin valor;sin valor;sin valor;sin valor;19.27
20240521;2012;PROCESOS INDUSTRIALES Y USO DE PRODUCTOS ;INDUSTRIA QUIMICA;PRODUCCION DE ACIDO NITRICO;sin valor;2B2;sin valor;sin valor;sin valor;0.12;32.76;sin valor;32.76
20240521;2012;PROCESOS INDUSTRIALES Y USO DE PRODUCTOS ;INDUSTRIA QUIMICA;PRODUCCION DE CENIZA DE SOSA (CARBONATO DE SODIO);sin valor;2B7;0.11;sin valor;sin valor;sin valor;sin valor;sin valor;0.11
20240521;2012;PROCESOS INDUSTRIALES Y USO DE PRODUCTOS ;INDUSTRIA DE LOS METALES;PRODUCCION DE HIERRO Y ACERO;sin valor;2C1;150.79;0;0.03;sin valor;sin valor;sin valor;150.83
20240521;2012;PROCESOS INDUSTRIALES Y USO DE PRODUCTOS ;INDUSTRIA DE LOS METALES;PRODUCCION DE PLOMO;sin valor;2C5;sin valor;sin valor;sin valor;sin valor;sin valor;sin valor;sin valor
20240521;2012;PROCESOS INDUSTRIALES Y USO DE PRODUCTOS ;INDUSTRIA DE LOS METALES;PRODUCCION DE ZINC;sin valor;2C6;557.58;sin valor;sin valor;sin valor;sin valor;sin valor;557.58
20240521;2012;PROCESOS INDUSTRIALES Y USO DE PRODUCTOS ;USO DE PRODUCTOS SUSTITUTOS DE LAS SUSTANCIAS QUE AGOTAN LA CAPA DE OZONO;REFRIGERACION Y AIRE ACONDICIONADO;sin valor;2F1;sin valor;sin valor;sin valor;sin valor;sin valor;204.85;204.85
20240521;2012;AGRICULTURA, SILVICULTURA Y OTROS USOS DE LA TIERRA;GANADO;GANADO;FERMENTACION ENTERICA;3A1;sin valor;556.65;15586.3;sin valor;sin valor;sin valor;15586.3
20240521;2012;AGRICULTURA, SILVICULTURA Y OTROS USOS DE LA TIERRA;GANADO;GANADO;MANEJO DE ESTIERCOL;3A2;sin valor;12.34;345.46;1.18;313.14;sin valor;658.6
20240521;2012;AGRICULTURA, SILVICULTURA Y OTROS USOS DE LA TIERRA;TIERRAS;TIERRAS FORESTALES ;TIERRAS FORESTALES QUE PERMANECEN COMO TIERRAS FORESTALES;3B1a;16245.63;sin valor;sin valor;sin valor;sin valor;sin valor;16245.63
20240521;2012;AGRICULTURA, SILVICULTURA Y OTROS USOS DE LA TIERRA;TIERRAS;TIERRAS FORESTALES ;TIERRAS CONVERTIDAS EN TIERRAS FORESTALES;3B1b;-1098.33;sin valor;sin valor;sin valor;sin valor;sin valor;-1098.33
20240521;2012;AGRICULTURA, SILVICULTURA Y OTROS USOS DE LA TIERRA;TIERRAS;TIERRAS DE CULTIVO ;TIERRAS DE CULTIVO QUE PERMANECEN COMO TIERRAS DE CULTIVO;3B2a;-616.08;sin valor;sin valor;sin valor;sin valor;sin valor;-616.08
20240521;2012;AGRICULTURA, SILVICULTURA Y OTROS USOS DE LA TIERRA;TIERRAS;TIERRAS DE CULTIVO ;TIERRAS CONVERTIDAS EN TIERRAS DE CULTIVO;3B2b;61557.52;sin valor;sin valor;sin valor;sin valor;sin valor;61557.52
20240521;2012;AGRICULTURA, SILVICULTURA Y OTROS USOS DE LA TIERRA;TIERRAS;PASTIZALES ;PASTIZALES QUE PERMANECEN COMO PASTIZALES;3B3a;sin valor;sin valor;sin valor;sin valor;sin valor;sin valor;sin valor
20240521;2012;AGRICULTURA, SILVICULTURA Y OTROS USOS DE LA TIERRA;TIERRAS;PASTIZALES ;TIERRAS CONVERTIDAS EN PASTIZALES ;3B3b;18284.31;sin valor;sin valor;sin valor;sin valor;sin valor;18284.31
20240521;2012;AGRICULTURA, SILVICULTURA Y OTROS USOS DE LA TIERRA;TIERRAS;ASENTAMIENTOS;TIERRAS CONVERTIDAS EN ASENTAMIENTOS;3B5b;642.5;sin valor;sin valor;sin valor;sin valor;sin valor;642.5
20240521;2012;AGRICULTURA, SILVICULTURA Y OTROS USOS DE LA TIERRA;TIERRAS;OTRAS TIERRAS;TIERRAS CONVERTIDAS EN OTRAS TIERRAS;3B6b;201.63;sin valor;sin valor;sin valor;sin valor;sin valor;201.63
20240521;2012;AGRICULTURA, SILVICULTURA Y OTROS USOS DE LA TIERRA;FUENTES AGREGADAS Y FUENTES DE EMISION NO-CO2 EN LA TIERRA;EMISIONES POR QUEMA DE BIOMASA ;EMISIONES POR QUEMA DE BIOMASA ;3C1;sin valor;16.36;457.96;1.33;351.84;sin valor;809.8
20240521;2012;AGRICULTURA, SILVICULTURA Y OTROS USOS DE LA TIERRA;FUENTES AGREGADAS Y FUENTES DE EMISION NO-CO2 EN LA TIERRA;APLICACION DE UREA;APLICACION DE UREA;3C3;293.87;sin valor;sin valor;sin valor;sin valor;sin valor;293.87
20240521;2012;AGRICULTURA, SILVICULTURA Y OTROS USOS DE LA TIERRA;FUENTES AGREGADAS Y FUENTES DE EMISION NO-CO2 EN LA TIERRA;EMISIONES DIRECTAS DE N2O DE SUELOS GESTIONADOS;EMISIONES DIRECTAS DE N2O DE SUELOS GESTIONADOS;3C4;sin valor;sin valor;sin valor;24.81;6575.14;sin valor;6575.14
20240521;2012;AGRICULTURA, SILVICULTURA Y OTROS USOS DE LA TIERRA;FUENTES AGREGADAS Y FUENTES DE EMISION NO-CO2 EN LA TIERRA;EMISIONES INDIRECTAS DE N2O DE SUELOS GESTIONADOS;EMISIONES INDIRECTAS DE N2O DE SUELOS GESTIONADOS;3C5;sin valor;sin valor;sin valor;8.88;2352.58;sin valor;2352.58
20240521;2012;AGRICULTURA, SILVICULTURA Y OTROS USOS DE LA TIERRA;FUENTES AGREGADAS Y FUENTES DE EMISION NO-CO2 EN LA TIERRA;EMISIONES INDIRECTAS DE N2O POR MANEJO DEL ESTIERCOL;EMISIONES INDIRECTAS DE N2O POR MANEJO DEL ESTIERCOL;3C6;sin valor;sin valor;sin valor;0.62;165.18;sin valor;165.18
20240521;2012;AGRICULTURA, SILVICULTURA Y OTROS USOS DE LA TIERRA;FUENTES AGREGADAS Y FUENTES DE EMISION NO-CO2 EN LA TIERRA;CULTIVO DE ARROZ;CULTIVO DE ARROZ;3C7;sin valor;60.78;1701.91;sin valor;sin valor;sin valor;1701.91
20240521;2012;DESECHOS;ELIMINACION DE DESECHOS SOLIDOS;ELIMINACION DE DESECHOS SOLIDOS;ELIMINACION DE DESECHOS SOLIDOS;4A;sin valor;172.01;4816.2;sin valor;sin valor;sin valor;4816.2
20240521;2012;DESECHOS;TRATAMIENTO BIOLOGICO DE DESECHOS SOLIDOS;TRATAMIENTO BIOLOGICO DE DESECHOS SOLIDOS;TRATAMIENTO BIOLOGICO DE DESECHOS SOLIDOS;4B;sin valor;sin valor;sin valor;sin valor;sin valor;sin valor;sin valor
20240521;2012;DESECHOS;INCINERACION E INCINERACION ABIERTA DE DESECHOS SOLIDOS;INCINERACION ABIERTA DE DESECHOS;INCINERACION ABIERTA DE DESECHOS;4C2;35.53;0.51;14.22;0.01;2.56;sin valor;52.31
20240521;2012;DESECHOS;TRATAMIENTO Y ELIMINACION DE AGUAS RESIDUALES;TRATAMIENTO Y ELIMINACION DE AGUAS RESIDUALES DOMESTICAS;TRATAMIENTO Y ELIMINACION DE AGUAS RESIDUALES DOMESTICAS;4D1;sin valor;88.63;2481.5;1.27;337.59;sin valor;2819.09
20240521;2012;DESECHOS;TRATAMIENTO Y ELIMINACION DE AGUAS RESIDUALES;TRATAMIENTO Y ELIMINACION DE AGUAS RESIDUALES INDUSTRIALES;TRATAMIENTO Y ELIMINACION DE AGUAS RESIDUALES INDUSTRIALES;4D2;sin valor;35.85;1003.73;sin valor;sin valor;sin valor;1003.73
20240521;2010;ENERGIA ;ACTIVIDADES DE QUEMA DE COMBUSTIBLES ;INDUSTRIAS DE ENERGIA;PRODUCCION DE ELECTRICIDAD Y CALOR COMO ACTIVIDAD PRINCIPAL;1A1a;8216.96;0.23;6.56;0.04;11.79;sin valor;8235.31
20240521;2010;ENERGIA ;ACTIVIDADES DE QUEMA DE COMBUSTIBLES ;INDUSTRIAS DE ENERGIA;REFINACION DE PETROLEO;1A1b;1587.03;0.03;0.8;0;0.76;sin valor;1588.59
20240521;2010;ENERGIA ;ACTIVIDADES DE QUEMA DE COMBUSTIBLES ;INDUSTRIAS DE ENERGIA;FABRICACION DE COMBUSTIBLES SOLIDOS Y OTRAS INDUSTRIAS ENERGETICAS;1A1c;2771.36;0.06;1.8;0.01;2.55;sin valor;2775.71
20240521;2010;ENERGIA ;ACTIVIDADES DE QUEMA DE COMBUSTIBLES ;INDUSTRIAS MANUFACTURERAS Y DE LA CONSTRUCCION;MINERIA (CON EXCEPCION DE COMBUSTIBLES) Y CANTERIA;1A2i;1187.64;0.04;1.18;0.01;2.07;sin valor;1190.88
20240521;2010;ENERGIA ;ACTIVIDADES DE QUEMA DE COMBUSTIBLES ;INDUSTRIAS MANUFACTURERAS Y DE LA CONSTRUCCION;INDUSTRIA NO ESPECIFICADA;1A2m;6325.97;1.72;48.1;0.2;53.42;sin valor;6427.48
20240521;2010;ENERGIA ;ACTIVIDADES DE QUEMA DE COMBUSTIBLES ;TRANSPORTE;AVIACION CIVIL;1A3a;519.34;0;0.14;0.02;5.19;sin valor;524.67
20240521;2010;ENERGIA ;ACTIVIDADES DE QUEMA DE COMBUSTIBLES ;TRANSPORTE;TRANSPORTE TERRESTRE;1A3b;12852.92;4.15;116.08;0.64;170.61;sin valor;13139.6
20240521;2010;ENERGIA ;ACTIVIDADES DE QUEMA DE COMBUSTIBLES ;TRANSPORTE;FERROCARRILES;1A3c;76.45;0;0.12;0.03;7.82;sin valor;84.39
20240521;2010;ENERGIA ;ACTIVIDADES DE QUEMA DE COMBUSTIBLES ;TRANSPORTE;NAVEGACION MARITIMA Y FLUVIAL;1A3d;426.37;0.04;1.12;0.01;3.03;sin valor;430.53
20240521;2010;ENERGIA ;ACTIVIDADES DE QUEMA DE COMBUSTIBLES ;TRANSPORTE;OTRO TIPO DE TRANSPORTE;1A3e;8.88;0;0.02;0;0.05;sin valor;8.94
20240521;2010;ENERGIA ;ACTIVIDADES DE QUEMA DE COMBUSTIBLES ;OTROS SECTORES;COMERCIAL/INSTITUCIONAL;1A4a;1098.61;1.05;29.48;0.02;5.13;sin valor;1133.22
20240521;2010;ENERGIA ;ACTIVIDADES DE QUEMA DE COMBUSTIBLES ;OTROS SECTORES;RESIDENCIAL ;1A4b;1815.85;31.67;886.82;0.42;110.31;sin valor;2812.97
20240521;2010;ENERGIA ;ACTIVIDADES DE QUEMA DE COMBUSTIBLES ;OTROS SECTORES;AGRICULTURA;1A4c;165.01;0.08;2.14;0;0.49;sin valor;167.63
20240521;2010;ENERGIA ;ACTIVIDADES DE QUEMA DE COMBUSTIBLES ;OTROS SECTORES;PESCA;1A4c;481.45;0.08;2.12;0;1.1;sin valor;484.66
20240521;2010;ENERGIA ;ACTIVIDADES DE QUEMA DE COMBUSTIBLES ;NO ESPECIFICADO;MOVIL;1A5b;76.63;0;0.02;0;0.57;sin valor;77.22
20240521;2010;ENERGIA ;EMISIONES FUGITIVAS PROVENIENTES DE LA FABRICACION DE COMBUSTIBLES;COMBUSTIBLES SOLIDOS;MINERIA Y MANEJO DEL CARBON ;1B1a;sin valor;1.65;46.31;sin valor;sin valor;sin valor;46.31
20240521;2010;ENERGIA ;EMISIONES FUGITIVAS PROVENIENTES DE LA FABRICACION DE COMBUSTIBLES;COMBUSTIBLES SOLIDOS;TRANSFORMACION DE COMBUSTIBLES SOLIDOS;1B1c;sin valor;2.86;80.21;0.01;1.51;sin valor;81.72
20240521;2010;ENERGIA ;EMISIONES FUGITIVAS PROVENIENTES DE LA FABRICACION DE COMBUSTIBLES;PETROLEO Y GAS NATURAL;PETROLEO;1B2a;369.23;94.87;2656.34;0;0.69;sin valor;3026.26
20240521;2010;ENERGIA ;EMISIONES FUGITIVAS PROVENIENTES DE LA FABRICACION DE COMBUSTIBLES;PETROLEO Y GAS NATURAL;GAS NATURAL;1B2b;490.74;270.12;7563.41;0.01;1.49;sin valor;8055.64
20240521;2010;PROCESOS INDUSTRIALES Y USO DE PRODUCTOS ;INDUSTRIA DE LOS MINERALES;PRODUCCION DE CEMENTO;TODAS LAS FUENTES;2A1;3339.63;sin valor;sin valor;sin valor;sin valor;sin valor;3339.63
20240521;2010;PROCESOS INDUSTRIALES Y USO DE PRODUCTOS ;INDUSTRIA DE LOS MINERALES;PRODUCCION DE CAL;sin valor;2A2;270.44;sin valor;sin valor;sin valor;sin valor;sin valor;270.44
20240521;2010;PROCESOS INDUSTRIALES Y USO DE PRODUCTOS ;INDUSTRIA DE LOS MINERALES;PRODUCCION DE VIDRIO;sin valor;2A3;34.45;sin valor;sin valor;sin valor;sin valor;sin valor;34.45
20240521;2010;PROCESOS INDUSTRIALES Y USO DE PRODUCTOS ;INDUSTRIA DE LOS MINERALES;OTROS USOS DE CARBONATOS ;CERAMICAS (LADRILLOS);2A4a;111.03;sin valor;sin valor;sin valor;sin valor;sin valor;111.03
20240521;2010;PROCESOS INDUSTRIALES Y USO DE PRODUCTOS ;INDUSTRIA DE LOS MINERALES;OTROS USOS DE CARBONATOS ;OTROS USOS DE LA CENIZA DE SOSA (CARBONATO DE SODIO);2A4b;13.62;sin valor;sin valor;sin valor;sin valor;sin valor;13.62
20240521;2010;PROCESOS INDUSTRIALES Y USO DE PRODUCTOS ;INDUSTRIA QUIMICA;PRODUCCION DE ACIDO NITRICO;sin valor;2B2;sin valor;sin valor;sin valor;0.12;31.57;sin valor;31.57
20240521;2010;PROCESOS INDUSTRIALES Y USO DE PRODUCTOS ;INDUSTRIA QUIMICA;PRODUCCION DE CENIZA DE SOSA (CARBONATO DE SODIO);sin valor;2B7;0.09;sin valor;sin valor;sin valor;sin valor;sin valor;0.09
20240521;2010;PROCESOS INDUSTRIALES Y USO DE PRODUCTOS ;INDUSTRIA DE LOS METALES;PRODUCCION DE HIERRO Y ACERO;sin valor;2C1;185.75;0;0.04;sin valor;sin valor;sin valor;185.79
20240521;2010;PROCESOS INDUSTRIALES Y USO DE PRODUCTOS ;INDUSTRIA DE LOS METALES;PRODUCCION DE PLOMO;sin valor;2C5;sin valor;sin valor;sin valor;sin valor;sin valor;sin valor;sin valor
20240521;2010;PROCESOS INDUSTRIALES Y USO DE PRODUCTOS ;INDUSTRIA DE LOS METALES;PRODUCCION DE ZINC;sin valor;2C6;383.75;sin valor;sin valor;sin valor;sin valor;sin valor;383.75
20240521;2010;PROCESOS INDUSTRIALES Y USO DE PRODUCTOS ;USO DE PRODUCTOS SUSTITUTOS DE LAS SUSTANCIAS QUE AGOTAN LA CAPA DE OZONO;REFRIGERACION Y AIRE ACONDICIONADO;sin valor;2F1;sin valor;sin valor;sin valor;sin valor;sin valor;134.16;134.16
20240521;2010;AGRICULTURA, SILVICULTURA Y OTROS USOS DE LA TIERRA;GANADO;GANADO;FERMENTACION ENTERICA;3A1;sin valor;558.06;15625.81;sin valor;sin valor;sin valor;15625.81
20240521;2010;AGRICULTURA, SILVICULTURA Y OTROS USOS DE LA TIERRA;GANADO;GANADO;MANEJO DE ESTIERCOL;3A2;sin valor;12.6;352.81;1.19;314.16;sin valor;666.97
20240521;2010;AGRICULTURA, SILVICULTURA Y OTROS USOS DE LA TIERRA;TIERRAS;TIERRAS FORESTALES ;TIERRAS FORESTALES QUE PERMANECEN COMO TIERRAS FORESTALES;3B1a;20275.26;sin valor;sin valor;sin valor;sin valor;sin valor;20275.26
20240521;2010;AGRICULTURA, SILVICULTURA Y OTROS USOS DE LA TIERRA;TIERRAS;TIERRAS FORESTALES ;TIERRAS CONVERTIDAS EN TIERRAS FORESTALES;3B1b;-579.58;sin valor;sin valor;sin valor;sin valor;sin valor;-579.58
20240521;2010;AGRICULTURA, SILVICULTURA Y OTROS USOS DE LA TIERRA;TIERRAS;TIERRAS DE CULTIVO ;TIERRAS DE CULTIVO QUE PERMANECEN COMO TIERRAS DE CULTIVO;3B2a;-432.57;sin valor;sin valor;sin valor;sin valor;sin valor;-432.57
20240521;2010;AGRICULTURA, SILVICULTURA Y OTROS USOS DE LA TIERRA;TIERRAS;TIERRAS DE CULTIVO ;TIERRAS CONVERTIDAS EN TIERRAS DE CULTIVO;3B2b;54135.77;sin valor;sin valor;sin valor;sin valor;sin valor;54135.77
20240521;2010;AGRICULTURA, SILVICULTURA Y OTROS USOS DE LA TIERRA;TIERRAS;PASTIZALES ;PASTIZALES QUE PERMANECEN COMO PASTIZALES;3B3a;sin valor;sin valor;sin valor;sin valor;sin valor;sin valor;sin valor
20240521;2010;AGRICULTURA, SILVICULTURA Y OTROS USOS DE LA TIERRA;TIERRAS;PASTIZALES ;TIERRAS CONVERTIDAS EN PASTIZALES ;3B3b;16974.67;sin valor;sin valor;sin valor;sin valor;sin valor;16974.67
20240521;2010;AGRICULTURA, SILVICULTURA Y OTROS USOS DE LA TIERRA;TIERRAS;ASENTAMIENTOS;TIERRAS CONVERTIDAS EN ASENTAMIENTOS;3B5b;1932.4;sin valor;sin valor;sin valor;sin valor;sin valor;1932.4
20240521;2010;AGRICULTURA, SILVICULTURA Y OTROS USOS DE LA TIERRA;TIERRAS;OTRAS TIERRAS;TIERRAS CONVERTIDAS EN OTRAS TIERRAS;3B6b;142.25;sin valor;sin valor;sin valor;sin valor;sin valor;142.25
20240521;2010;AGRICULTURA, SILVICULTURA Y OTROS USOS DE LA TIERRA;FUENTES AGREGADAS Y FUENTES DE EMISION NO-CO2 EN LA TIERRA;EMISIONES POR QUEMA DE BIOMASA ;EMISIONES POR QUEMA DE BIOMASA ;3C1;sin valor;16.26;455.29;1.32;351.08;sin valor;806.37
20240521;2010;AGRICULTURA, SILVICULTURA Y OTROS USOS DE LA TIERRA;FUENTES AGREGADAS Y FUENTES DE EMISION NO-CO2 EN LA TIERRA;APLICACION DE UREA;APLICACION DE UREA;3C3;239.83;sin valor;sin valor;sin valor;sin valor;sin valor;239.83
20240521;2010;AGRICULTURA, SILVICULTURA Y OTROS USOS DE LA TIERRA;FUENTES AGREGADAS Y FUENTES DE EMISION NO-CO2 EN LA TIERRA;EMISIONES DIRECTAS DE N2O DE SUELOS GESTIONADOS;EMISIONES DIRECTAS DE N2O DE SUELOS GESTIONADOS;3C4;sin valor;sin valor;sin valor;23.98;6353.88;sin valor;6353.88
20240521;2010;AGRICULTURA, SILVICULTURA Y OTROS USOS DE LA TIERRA;FUENTES AGREGADAS Y FUENTES DE EMISION NO-CO2 EN LA TIERRA;EMISIONES INDIRECTAS DE N2O DE SUELOS GESTIONADOS;EMISIONES INDIRECTAS DE N2O DE SUELOS GESTIONADOS;3C5;sin valor;sin valor;sin valor;8.68;2301.34;sin valor;2301.34
20240521;2010;AGRICULTURA, SILVICULTURA Y OTROS USOS DE LA TIERRA;FUENTES AGREGADAS Y FUENTES DE EMISION NO-CO2 EN LA TIERRA;EMISIONES INDIRECTAS DE N2O POR MANEJO DEL ESTIERCOL;EMISIONES INDIRECTAS DE N2O POR MANEJO DEL ESTIERCOL;3C6;sin valor;sin valor;sin valor;0.6;159.75;sin valor;159.75
20240521;2010;AGRICULTURA, SILVICULTURA Y OTROS USOS DE LA TIERRA;FUENTES AGREGADAS Y FUENTES DE EMISION NO-CO2 EN LA TIERRA;CULTIVO DE ARROZ;CULTIVO DE ARROZ;3C7;sin valor;59.98;1679.47;sin valor;sin valor;sin valor;1679.47
20240521;2010;DESECHOS;ELIMINACION DE DESECHOS SOLIDOS;ELIMINACION DE DESECHOS SOLIDOS;ELIMINACION DE DESECHOS SOLIDOS;4A;sin valor;172.26;4823.33;sin valor;sin valor;sin valor;4823.33
20240521;2010;DESECHOS;TRATAMIENTO BIOLOGICO DE DESECHOS SOLIDOS;TRATAMIENTO BIOLOGICO DE DESECHOS SOLIDOS;TRATAMIENTO BIOLOGICO DE DESECHOS SOLIDOS;4B;sin valor;sin valor;sin valor;sin valor;sin valor;sin valor;sin valor
20240521;2010;DESECHOS;INCINERACION E INCINERACION ABIERTA DE DESECHOS SOLIDOS;INCINERACION ABIERTA DE DESECHOS;INCINERACION ABIERTA DE DESECHOS;4C2;35.53;0.51;14.22;0.01;2.56;sin valor;52.31
20240521;2010;DESECHOS;TRATAMIENTO Y ELIMINACION DE AGUAS RESIDUALES;TRATAMIENTO Y ELIMINACION DE AGUAS RESIDUALES DOMESTICAS;TRATAMIENTO Y ELIMINACION DE AGUAS RESIDUALES DOMESTICAS;4D1;sin valor;88.97;2491.3;1.25;330.04;sin valor;2821.34
20240521;2010;DESECHOS;TRATAMIENTO Y ELIMINACION DE AGUAS RESIDUALES;TRATAMIENTO Y ELIMINACION DE AGUAS RESIDUALES INDUSTRIALES;TRATAMIENTO Y ELIMINACION DE AGUAS RESIDUALES INDUSTRIALES;4D2;sin valor;22.34;625.4;sin valor;sin valor;sin valor;625.4
20240521;2005;ENERGIA ;ACTIVIDADES DE QUEMA DE COMBUSTIBLES ;INDUSTRIAS DE ENERGIA;PRODUCCION DE ELECTRICIDAD Y CALOR COMO ACTIVIDAD PRINCIPAL;1A1a;3163.03;0.08;2.13;0.01;2.99;sin valor;3168.15
20240521;2005;ENERGIA ;ACTIVIDADES DE QUEMA DE COMBUSTIBLES ;INDUSTRIAS DE ENERGIA;REFINACION DE PETROLEO;1A1b;1497.87;0.03;0.75;0;0.72;sin valor;1499.33
20240521;2005;ENERGIA ;ACTIVIDADES DE QUEMA DE COMBUSTIBLES ;INDUSTRIAS DE ENERGIA;FABRICACION DE COMBUSTIBLES SOLIDOS Y OTRAS INDUSTRIAS ENERGETICAS;1A1c;2134.58;0.06;1.61;0.01;2.47;sin valor;2138.66
20240521;2005;ENERGIA ;ACTIVIDADES DE QUEMA DE COMBUSTIBLES ;INDUSTRIAS MANUFACTURERAS Y DE LA CONSTRUCCION;MINERIA (CON EXCEPCION DE COMBUSTIBLES) Y CANTERIA;1A2i;935.78;0.04;1.01;0.01;1.86;sin valor;938.66
20240521;2005;ENERGIA ;ACTIVIDADES DE QUEMA DE COMBUSTIBLES ;INDUSTRIAS MANUFACTURERAS Y DE LA CONSTRUCCION;INDUSTRIA NO ESPECIFICADA;1A2m;7250.54;1.58;44.12;0.18;48.53;sin valor;7343.19
20240521;2005;ENERGIA ;ACTIVIDADES DE QUEMA DE COMBUSTIBLES ;TRANSPORTE;AVIACION CIVIL;1A3a;366.61;0;0.06;0.01;2.43;sin valor;369.1
20240521;2005;ENERGIA ;ACTIVIDADES DE QUEMA DE COMBUSTIBLES ;TRANSPORTE;TRANSPORTE TERRESTRE;1A3b;8850.13;1.91;53.52;0.43;113.69;sin valor;9017.34
20240521;2005;ENERGIA ;ACTIVIDADES DE QUEMA DE COMBUSTIBLES ;TRANSPORTE;FERROCARRILES;1A3c;55.16;0;0.09;0.02;5.64;sin valor;60.88
20240521;2005;ENERGIA ;ACTIVIDADES DE QUEMA DE COMBUSTIBLES ;TRANSPORTE;NAVEGACION MARITIMA Y FLUVIAL;1A3d;169.44;0.02;0.43;0;1.16;sin valor;171.03
20240521;2005;ENERGIA ;ACTIVIDADES DE QUEMA DE COMBUSTIBLES ;TRANSPORTE;OTRO TIPO DE TRANSPORTE;1A3e;9.96;0;0.02;0;0.03;sin valor;10.01
20240521;2005;ENERGIA ;ACTIVIDADES DE QUEMA DE COMBUSTIBLES ;OTROS SECTORES;COMERCIAL/INSTITUCIONAL;1A4a;971.47;0.82;22.93;0.02;4.18;sin valor;998.58
20240521;2005;ENERGIA ;ACTIVIDADES DE QUEMA DE COMBUSTIBLES ;OTROS SECTORES;RESIDENCIAL ;1A4b;1921.28;33.75;944.98;0.45;119.55;sin valor;2985.8
20240521;2005;ENERGIA ;ACTIVIDADES DE QUEMA DE COMBUSTIBLES ;OTROS SECTORES;AGRICULTURA;1A4c;131.22;0.06;1.61;0;0.42;sin valor;133.25
20240521;2005;ENERGIA ;ACTIVIDADES DE QUEMA DE COMBUSTIBLES ;OTROS SECTORES;PESCA;1A4c;278.27;0.11;3.05;0;0.68;sin valor;281.99
20240521;2005;ENERGIA ;ACTIVIDADES DE QUEMA DE COMBUSTIBLES ;NO ESPECIFICADO;MOVIL;1A5b;80.05;0;0.02;0;0.59;sin valor;80.66
20240521;2005;ENERGIA ;EMISIONES FUGITIVAS PROVENIENTES DE LA FABRICACION DE COMBUSTIBLES;COMBUSTIBLES SOLIDOS;MINERIA Y MANEJO DEL CARBON ;1B1a;sin valor;0.81;22.55;sin valor;sin valor;sin valor;22.55
20240521;2005;ENERGIA ;EMISIONES FUGITIVAS PROVENIENTES DE LA FABRICACION DE COMBUSTIBLES;COMBUSTIBLES SOLIDOS;TRANSFORMACION DE COMBUSTIBLES SOLIDOS;1B1c;sin valor;3.12;87.25;0.01;1.64;sin valor;88.89
20240521;2005;ENERGIA ;EMISIONES FUGITIVAS PROVENIENTES DE LA FABRICACION DE COMBUSTIBLES;PETROLEO Y GAS NATURAL;PETROLEO;1B2a;371.68;95.5;2673.96;0;0.69;sin valor;3046.33
20240521;2005;ENERGIA ;EMISIONES FUGITIVAS PROVENIENTES DE LA FABRICACION DE COMBUSTIBLES;PETROLEO Y GAS NATURAL;GAS NATURAL;1B2b;197.11;165.66;4638.43;0;0.6;sin valor;4836.14
20240521;2005;PROCESOS INDUSTRIALES Y USO DE PRODUCTOS ;INDUSTRIA DE LOS MINERALES;PRODUCCION DE CEMENTO;TODAS LAS FUENTES;2A1;2375.59;sin valor;sin valor;sin valor;sin valor;sin valor;2375.59
20240521;2005;PROCESOS INDUSTRIALES Y USO DE PRODUCTOS ;INDUSTRIA DE LOS MINERALES;PRODUCCION DE CAL;sin valor;2A2;147.44;sin valor;sin valor;sin valor;sin valor;sin valor;147.44
20240521;2005;PROCESOS INDUSTRIALES Y USO DE PRODUCTOS ;INDUSTRIA DE LOS MINERALES;PRODUCCION DE VIDRIO;sin valor;2A3;34.78;sin valor;sin valor;sin valor;sin valor;sin valor;34.78
20240521;2005;PROCESOS INDUSTRIALES Y USO DE PRODUCTOS ;INDUSTRIA DE LOS MINERALES;OTROS USOS DE CARBONATOS ;CERAMICAS (LADRILLOS);2A4a;79.69;sin valor;sin valor;sin valor;sin valor;sin valor;79.69
20240521;2005;PROCESOS INDUSTRIALES Y USO DE PRODUCTOS ;INDUSTRIA DE LOS MINERALES;OTROS USOS DE CARBONATOS ;OTROS USOS DE LA CENIZA DE SOSA (CARBONATO DE SODIO);2A4b;sin valor;sin valor;sin valor;sin valor;sin valor;sin valor;0
20240521;2005;PROCESOS INDUSTRIALES Y USO DE PRODUCTOS ;INDUSTRIA QUIMICA;PRODUCCION DE ACIDO NITRICO;sin valor;2B2;sin valor;sin valor;sin valor;0.04;9.73;sin valor;9.73
20240521;2005;PROCESOS INDUSTRIALES Y USO DE PRODUCTOS ;INDUSTRIA QUIMICA;PRODUCCION DE CENIZA DE SOSA (CARBONATO DE SODIO);sin valor;2B7;0.05;sin valor;sin valor;sin valor;sin valor;sin valor;0.05
20240521;2005;PROCESOS INDUSTRIALES Y USO DE PRODUCTOS ;INDUSTRIA DE LOS METALES;PRODUCCION DE HIERRO Y ACERO;sin valor;2C1;574.82;0;0.04;sin valor;sin valor;sin valor;574.87
20240521;2005;PROCESOS INDUSTRIALES Y USO DE PRODUCTOS ;INDUSTRIA DE LOS METALES;PRODUCCION DE PLOMO;sin valor;2C5;63.48;sin valor;sin valor;sin valor;sin valor;sin valor;63.48
20240521;2005;PROCESOS INDUSTRIALES Y USO DE PRODUCTOS ;INDUSTRIA DE LOS METALES;PRODUCCION DE ZINC;sin valor;2C6;281.4;sin valor;sin valor;sin valor;sin valor;sin valor;281.4
20240521;2005;PROCESOS INDUSTRIALES Y USO DE PRODUCTOS ;USO DE PRODUCTOS SUSTITUTOS DE LAS SUSTANCIAS QUE AGOTAN LA CAPA DE OZONO;REFRIGERACION Y AIRE ACONDICIONADO;sin valor;2F1;sin valor;sin valor;sin valor;sin valor;sin valor;53.99;53.99
20240521;2005;AGRICULTURA, SILVICULTURA Y OTROS USOS DE LA TIERRA;GANADO;GANADO;FERMENTACION ENTERICA;3A1;sin valor;535.52;14994.68;sin valor;sin valor;sin valor;14994.68
20240521;2005;AGRICULTURA, SILVICULTURA Y OTROS USOS DE LA TIERRA;GANADO;GANADO;MANEJO DE ESTIERCOL;3A2;sin valor;12.25;343.07;1.09;290.17;sin valor;633.24
20240521;2005;AGRICULTURA, SILVICULTURA Y OTROS USOS DE LA TIERRA;TIERRAS;TIERRAS FORESTALES ;TIERRAS FORESTALES QUE PERMANECEN COMO TIERRAS FORESTALES;3B1a;sin valor;sin valor;sin valor;sin valor;sin valor;sin valor;sin valor
20240521;2005;AGRICULTURA, SILVICULTURA Y OTROS USOS DE LA TIERRA;TIERRAS;TIERRAS FORESTALES ;TIERRAS CONVERTIDAS EN TIERRAS FORESTALES;3B1b;sin valor;sin valor;sin valor;sin valor;sin valor;sin valor;sin valor
20240521;2005;AGRICULTURA, SILVICULTURA Y OTROS USOS DE LA TIERRA;TIERRAS;TIERRAS DE CULTIVO ;TIERRAS DE CULTIVO QUE PERMANECEN COMO TIERRAS DE CULTIVO;3B2a;sin valor;sin valor;sin valor;sin valor;sin valor;sin valor;sin valor
20240521;2005;AGRICULTURA, SILVICULTURA Y OTROS USOS DE LA TIERRA;TIERRAS;TIERRAS DE CULTIVO ;TIERRAS CONVERTIDAS EN TIERRAS DE CULTIVO;3B2b;sin valor;sin valor;sin valor;sin valor;sin valor;sin valor;sin valor
20240521;2005;AGRICULTURA, SILVICULTURA Y OTROS USOS DE LA TIERRA;TIERRAS;PASTIZALES ;PASTIZALES QUE PERMANECEN COMO PASTIZALES;3B3a;sin valor;sin valor;sin valor;sin valor;sin valor;sin valor;sin valor
20240521;2005;AGRICULTURA, SILVICULTURA Y OTROS USOS DE LA TIERRA;TIERRAS;PASTIZALES ;TIERRAS CONVERTIDAS EN PASTIZALES ;3B3b;sin valor;sin valor;sin valor;sin valor;sin valor;sin valor;sin valor
20240521;2005;AGRICULTURA, SILVICULTURA Y OTROS USOS DE LA TIERRA;TIERRAS;ASENTAMIENTOS;TIERRAS CONVERTIDAS EN ASENTAMIENTOS;3B5b;sin valor;sin valor;sin valor;sin valor;sin valor;sin valor;sin valor
20240521;2005;AGRICULTURA, SILVICULTURA Y OTROS USOS DE LA TIERRA;TIERRAS;OTRAS TIERRAS;TIERRAS CONVERTIDAS EN OTRAS TIERRAS;3B6b;sin valor;sin valor;sin valor;sin valor;sin valor;sin valor;sin valor
20240521;2005;AGRICULTURA, SILVICULTURA Y OTROS USOS DE LA TIERRA;FUENTES AGREGADAS Y FUENTES DE EMISION NO-CO2 EN LA TIERRA;EMISIONES POR QUEMA DE BIOMASA ;EMISIONES POR QUEMA DE BIOMASA ;3C1;sin valor;15.86;443.98;1.31;347.1;sin valor;791.08
20240521;2005;AGRICULTURA, SILVICULTURA Y OTROS USOS DE LA TIERRA;FUENTES AGREGADAS Y FUENTES DE EMISION NO-CO2 EN LA TIERRA;APLICACION DE UREA;APLICACION DE UREA;3C3;181.77;sin valor;sin valor;sin valor;sin valor;sin valor;181.77
20240521;2005;AGRICULTURA, SILVICULTURA Y OTROS USOS DE LA TIERRA;FUENTES AGREGADAS Y FUENTES DE EMISION NO-CO2 EN LA TIERRA;EMISIONES DIRECTAS DE N2O DE SUELOS GESTIONADOS;EMISIONES DIRECTAS DE N2O DE SUELOS GESTIONADOS;3C4;sin valor;sin valor;sin valor;22;5829.49;sin valor;5829.49
20240521;2005;AGRICULTURA, SILVICULTURA Y OTROS USOS DE LA TIERRA;FUENTES AGREGADAS Y FUENTES DE EMISION NO-CO2 EN LA TIERRA;EMISIONES INDIRECTAS DE N2O DE SUELOS GESTIONADOS;EMISIONES INDIRECTAS DE N2O DE SUELOS GESTIONADOS;3C5;sin valor;sin valor;sin valor;8.04;2130.63;sin valor;2130.63
20240521;2005;AGRICULTURA, SILVICULTURA Y OTROS USOS DE LA TIERRA;FUENTES AGREGADAS Y FUENTES DE EMISION NO-CO2 EN LA TIERRA;EMISIONES INDIRECTAS DE N2O POR MANEJO DEL ESTIERCOL;EMISIONES INDIRECTAS DE N2O POR MANEJO DEL ESTIERCOL;3C6;sin valor;sin valor;sin valor;0.51;134.96;sin valor;134.96
20240521;2005;AGRICULTURA, SILVICULTURA Y OTROS USOS DE LA TIERRA;FUENTES AGREGADAS Y FUENTES DE EMISION NO-CO2 EN LA TIERRA;CULTIVO DE ARROZ;CULTIVO DE ARROZ;3C7;sin valor;55.25;1547;sin valor;sin valor;sin valor;1547
20240521;2005;DESECHOS;ELIMINACION DE DESECHOS SOLIDOS;ELIMINACION DE DESECHOS SOLIDOS;ELIMINACION DE DESECHOS SOLIDOS;4A;sin valor;173.03;4844.75;sin valor;sin valor;sin valor;4844.75
20240521;2005;DESECHOS;TRATAMIENTO BIOLOGICO DE DESECHOS SOLIDOS;TRATAMIENTO BIOLOGICO DE DESECHOS SOLIDOS;TRATAMIENTO BIOLOGICO DE DESECHOS SOLIDOS;4B;sin valor;sin valor;sin valor;sin valor;sin valor;sin valor;sin valor
20240521;2005;DESECHOS;INCINERACION E INCINERACION ABIERTA DE DESECHOS SOLIDOS;INCINERACION ABIERTA DE DESECHOS;INCINERACION ABIERTA DE DESECHOS;4C2;35.53;0.51;14.22;0.01;2.56;sin valor;52.31
20240521;2005;DESECHOS;TRATAMIENTO Y ELIMINACION DE AGUAS RESIDUALES;TRATAMIENTO Y ELIMINACION DE AGUAS RESIDUALES DOMESTICAS;TRATAMIENTO Y ELIMINACION DE AGUAS RESIDUALES DOMESTICAS;4D1;sin valor;81.15;2272.13;1.18;311.54;sin valor;2583.66
20240521;2005;DESECHOS;TRATAMIENTO Y ELIMINACION DE AGUAS RESIDUALES;TRATAMIENTO Y ELIMINACION DE AGUAS RESIDUALES INDUSTRIALES;TRATAMIENTO Y ELIMINACION DE AGUAS RESIDUALES INDUSTRIALES;4D2;sin valor;14.84;415.61;sin valor;sin valor;sin valor;415.61
20240521;2000;ENERGIA ;ACTIVIDADES DE QUEMA DE COMBUSTIBLES ;INDUSTRIAS DE ENERGIA;PRODUCCION DE ELECTRICIDAD Y CALOR COMO ACTIVIDAD PRINCIPAL;1A1a;1937.98;0.09;2.47;0.01;3.93;sin valor;1944.38
20240521;2000;ENERGIA ;ACTIVIDADES DE QUEMA DE COMBUSTIBLES ;INDUSTRIAS DE ENERGIA;REFINACION DE PETROLEO;1A1b;900.57;0.02;0.45;0;0.43;sin valor;901.45
20240521;2000;ENERGIA ;ACTIVIDADES DE QUEMA DE COMBUSTIBLES ;INDUSTRIAS DE ENERGIA;FABRICACION DE COMBUSTIBLES SOLIDOS Y OTRAS INDUSTRIAS ENERGETICAS;1A1c;1471.53;0.04;1.21;0.01;1.98;sin valor;1474.72
20240521;2000;ENERGIA ;ACTIVIDADES DE QUEMA DE COMBUSTIBLES ;INDUSTRIAS MANUFACTURERAS Y DE LA CONSTRUCCION;MINERIA (CON EXCEPCION DE COMBUSTIBLES) Y CANTERIA;1A2i;917.56;0.04;1.04;0.01;1.93;sin valor;920.54
20240521;2000;ENERGIA ;ACTIVIDADES DE QUEMA DE COMBUSTIBLES ;INDUSTRIAS MANUFACTURERAS Y DE LA CONSTRUCCION;INDUSTRIA NO ESPECIFICADA;1A2m;7360.4;1.65;46.19;0.18;48.21;sin valor;7454.8
20240521;2000;ENERGIA ;ACTIVIDADES DE QUEMA DE COMBUSTIBLES ;TRANSPORTE;AVIACION CIVIL;1A3a;207.44;0;0.04;0;1.14;sin valor;208.62
20240521;2000;ENERGIA ;ACTIVIDADES DE QUEMA DE COMBUSTIBLES ;TRANSPORTE;TRANSPORTE TERRESTRE;1A3b;8695.75;1.93;54.09;0.43;113.99;sin valor;8863.83
20240521;2000;ENERGIA ;ACTIVIDADES DE QUEMA DE COMBUSTIBLES ;TRANSPORTE;FERROCARRILES;1A3c;53.84;0;0.08;0.02;5.51;sin valor;59.43
20240521;2000;ENERGIA ;ACTIVIDADES DE QUEMA DE COMBUSTIBLES ;TRANSPORTE;NAVEGACION MARITIMA Y FLUVIAL;1A3d;47.49;0;0.12;0;0.33;sin valor;47.94
20240521;2000;ENERGIA ;ACTIVIDADES DE QUEMA DE COMBUSTIBLES ;TRANSPORTE;OTRO TIPO DE TRANSPORTE;1A3e;13.4;0;0.02;0;0.04;sin valor;13.46
20240521;2000;ENERGIA ;ACTIVIDADES DE QUEMA DE COMBUSTIBLES ;OTROS SECTORES;COMERCIAL/INSTITUCIONAL;1A4a;1048.17;0.74;20.61;0.02;4.07;sin valor;1072.86
20240521;2000;ENERGIA ;ACTIVIDADES DE QUEMA DE COMBUSTIBLES ;OTROS SECTORES;RESIDENCIAL ;1A4b;2780.24;32.25;903.05;0.44;115.67;sin valor;3798.96
20240521;2000;ENERGIA ;ACTIVIDADES DE QUEMA DE COMBUSTIBLES ;OTROS SECTORES;AGRICULTURA;1A4c;136.65;0.07;2.01;0;0.48;sin valor;139.14
20240521;2000;ENERGIA ;ACTIVIDADES DE QUEMA DE COMBUSTIBLES ;OTROS SECTORES;PESCA;1A4c;251.81;0.14;3.88;0;0.65;sin valor;256.34
20240521;2000;ENERGIA ;ACTIVIDADES DE QUEMA DE COMBUSTIBLES ;NO ESPECIFICADO;MOVIL;1A5b;110.54;0;0.02;0;0.82;sin valor;111.38
20240521;2000;ENERGIA ;EMISIONES FUGITIVAS PROVENIENTES DE LA FABRICACION DE COMBUSTIBLES;COMBUSTIBLES SOLIDOS;MINERIA Y MANEJO DEL CARBON ;1B1a;sin valor;0.23;6.37;sin valor;sin valor;sin valor;6.37
20240521;2000;ENERGIA ;EMISIONES FUGITIVAS PROVENIENTES DE LA FABRICACION DE COMBUSTIBLES;COMBUSTIBLES SOLIDOS;TRANSFORMACION DE COMBUSTIBLES SOLIDOS;1B1c;sin valor;3.22;90.04;0.01;1.69;sin valor;91.73
20240521;2000;ENERGIA ;EMISIONES FUGITIVAS PROVENIENTES DE LA FABRICACION DE COMBUSTIBLES;PETROLEO Y GAS NATURAL;PETROLEO;1B2a;277.51;71.3;1996.45;0;0.52;sin valor;2274.48
20240521;2000;ENERGIA ;EMISIONES FUGITIVAS PROVENIENTES DE LA FABRICACION DE COMBUSTIBLES;PETROLEO Y GAS NATURAL;GAS NATURAL;1B2b;200.5;112.95;3162.52;0;0.61;sin valor;3363.62
20240521;2000;PROCESOS INDUSTRIALES Y USO DE PRODUCTOS ;INDUSTRIA DE LOS MINERALES;PRODUCCION DE CEMENTO;TODAS LAS FUENTES;2A1;1782.14;sin valor;sin valor;sin valor;sin valor;sin valor;1782.14
20240521;2000;PROCESOS INDUSTRIALES Y USO DE PRODUCTOS ;INDUSTRIA DE LOS MINERALES;PRODUCCION DE CAL;sin valor;2A2;24.43;sin valor;sin valor;sin valor;sin valor;sin valor;24.43
20240521;2000;PROCESOS INDUSTRIALES Y USO DE PRODUCTOS ;INDUSTRIA DE LOS MINERALES;PRODUCCION DE VIDRIO;sin valor;2A3;34.39;sin valor;sin valor;sin valor;sin valor;sin valor;34.39
20240521;2000;PROCESOS INDUSTRIALES Y USO DE PRODUCTOS ;INDUSTRIA DE LOS MINERALES;OTROS USOS DE CARBONATOS ;CERAMICAS (LADRILLOS);2A4a;62.39;sin valor;sin valor;sin valor;sin valor;sin valor;62.39
20240521;2000;PROCESOS INDUSTRIALES Y USO DE PRODUCTOS ;INDUSTRIA DE LOS MINERALES;OTROS USOS DE CARBONATOS ;OTROS USOS DE LA CENIZA DE SOSA (CARBONATO DE SODIO);2A4b;sin valor;sin valor;sin valor;sin valor;sin valor;sin valor;sin valor
20240521;2000;PROCESOS INDUSTRIALES Y USO DE PRODUCTOS ;INDUSTRIA QUIMICA;PRODUCCION DE ACIDO NITRICO;sin valor;2B2;sin valor;sin valor;sin valor;sin valor;sin valor;sin valor;sin valor
20240521;2000;PROCESOS INDUSTRIALES Y USO DE PRODUCTOS ;INDUSTRIA QUIMICA;PRODUCCION DE CENIZA DE SOSA (CARBONATO DE SODIO);sin valor;2B7;0.03;sin valor;sin valor;sin valor;sin valor;sin valor;0.03
20240521;2000;PROCESOS INDUSTRIALES Y USO DE PRODUCTOS ;INDUSTRIA DE LOS METALES;PRODUCCION DE HIERRO Y ACERO;sin valor;2C1;592.07;0;0.03;sin valor;sin valor;sin valor;592.1
20240521;2000;PROCESOS INDUSTRIALES Y USO DE PRODUCTOS ;INDUSTRIA DE LOS METALES;PRODUCCION DE PLOMO;sin valor;2C5;62.44;sin valor;sin valor;sin valor;sin valor;sin valor;62.44
20240521;2000;PROCESOS INDUSTRIALES Y USO DE PRODUCTOS ;INDUSTRIA DE LOS METALES;PRODUCCION DE ZINC;sin valor;2C6;221.02;sin valor;sin valor;sin valor;sin valor;sin valor;221.02
20240521;2000;PROCESOS INDUSTRIALES Y USO DE PRODUCTOS ;USO DE PRODUCTOS SUSTITUTOS DE LAS SUSTANCIAS QUE AGOTAN LA CAPA DE OZONO;REFRIGERACION Y AIRE ACONDICIONADO;sin valor;2F1;sin valor;sin valor;sin valor;sin valor;sin valor;18.94;18.94
20240521;2000;AGRICULTURA, SILVICULTURA Y OTROS USOS DE LA TIERRA;GANADO;GANADO;FERMENTACION ENTERICA;3A1;sin valor;509.99;14279.75;sin valor;sin valor;sin valor;14279.75
20240521;2000;AGRICULTURA, SILVICULTURA Y OTROS USOS DE LA TIERRA;GANADO;GANADO;MANEJO DE ESTIERCOL;3A2;sin valor;11.87;332.46;0.98;260.5;sin valor;592.96
20240521;2000;AGRICULTURA, SILVICULTURA Y OTROS USOS DE LA TIERRA;TIERRAS;TIERRAS FORESTALES ;TIERRAS FORESTALES QUE PERMANECEN COMO TIERRAS FORESTALES;3B1a;sin valor;sin valor;sin valor;sin valor;sin valor;sin valor;sin valor
20240521;2000;AGRICULTURA, SILVICULTURA Y OTROS USOS DE LA TIERRA;TIERRAS;TIERRAS FORESTALES ;TIERRAS CONVERTIDAS EN TIERRAS FORESTALES;3B1b;sin valor;sin valor;sin valor;sin valor;sin valor;sin valor;sin valor
20240521;2000;AGRICULTURA, SILVICULTURA Y OTROS USOS DE LA TIERRA;TIERRAS;TIERRAS DE CULTIVO ;TIERRAS DE CULTIVO QUE PERMANECEN COMO TIERRAS DE CULTIVO;3B2a;sin valor;sin valor;sin valor;sin valor;sin valor;sin valor;sin valor
20240521;2000;AGRICULTURA, SILVICULTURA Y OTROS USOS DE LA TIERRA;TIERRAS;TIERRAS DE CULTIVO ;TIERRAS CONVERTIDAS EN TIERRAS DE CULTIVO;3B2b;sin valor;sin valor;sin valor;sin valor;sin valor;sin valor;sin valor
20240521;2000;AGRICULTURA, SILVICULTURA Y OTROS USOS DE LA TIERRA;TIERRAS;PASTIZALES ;PASTIZALES QUE PERMANECEN COMO PASTIZALES;3B3a;sin valor;sin valor;sin valor;sin valor;sin valor;sin valor;sin valor
20240521;2000;AGRICULTURA, SILVICULTURA Y OTROS USOS DE LA TIERRA;TIERRAS;PASTIZALES ;TIERRAS CONVERTIDAS EN PASTIZALES ;3B3b;sin valor;sin valor;sin valor;sin valor;sin valor;sin valor;sin valor
20240521;2000;AGRICULTURA, SILVICULTURA Y OTROS USOS DE LA TIERRA;TIERRAS;ASENTAMIENTOS;TIERRAS CONVERTIDAS EN ASENTAMIENTOS;3B5b;sin valor;sin valor;sin valor;sin valor;sin valor;sin valor;sin valor
20240521;2000;AGRICULTURA, SILVICULTURA Y OTROS USOS DE LA TIERRA;TIERRAS;OTRAS TIERRAS;TIERRAS CONVERTIDAS EN OTRAS TIERRAS;3B6b;sin valor;sin valor;sin valor;sin valor;sin valor;sin valor;sin valor
20240521;2000;AGRICULTURA, SILVICULTURA Y OTROS USOS DE LA TIERRA;FUENTES AGREGADAS Y FUENTES DE EMISION NO-CO2 EN LA TIERRA;EMISIONES POR QUEMA DE BIOMASA ;EMISIONES POR QUEMA DE BIOMASA ;3C1;sin valor;15.6;436.7;1.3;343.87;sin valor;780.57
20240521;2000;AGRICULTURA, SILVICULTURA Y OTROS USOS DE LA TIERRA;FUENTES AGREGADAS Y FUENTES DE EMISION NO-CO2 EN LA TIERRA;APLICACION DE UREA;APLICACION DE UREA;3C3;256.77;sin valor;sin valor;sin valor;sin valor;sin valor;256.77
20240521;2000;AGRICULTURA, SILVICULTURA Y OTROS USOS DE LA TIERRA;FUENTES AGREGADAS Y FUENTES DE EMISION NO-CO2 EN LA TIERRA;EMISIONES DIRECTAS DE N2O DE SUELOS GESTIONADOS;EMISIONES DIRECTAS DE N2O DE SUELOS GESTIONADOS;3C4;sin valor;sin valor;sin valor;21.17;5610.54;sin valor;5610.54
20240521;2000;AGRICULTURA, SILVICULTURA Y OTROS USOS DE LA TIERRA;FUENTES AGREGADAS Y FUENTES DE EMISION NO-CO2 EN LA TIERRA;EMISIONES INDIRECTAS DE N2O DE SUELOS GESTIONADOS;EMISIONES INDIRECTAS DE N2O DE SUELOS GESTIONADOS;3C5;sin valor;sin valor;sin valor;7.7;2039.89;sin valor;2039.89
20240521;2000;AGRICULTURA, SILVICULTURA Y OTROS USOS DE LA TIERRA;FUENTES AGREGADAS Y FUENTES DE EMISION NO-CO2 EN LA TIERRA;EMISIONES INDIRECTAS DE N2O POR MANEJO DEL ESTIERCOL;EMISIONES INDIRECTAS DE N2O POR MANEJO DEL ESTIERCOL;3C6;sin valor;sin valor;sin valor;0.46;121.57;sin valor;121.57
20240521;2000;AGRICULTURA, SILVICULTURA Y OTROS USOS DE LA TIERRA;FUENTES AGREGADAS Y FUENTES DE EMISION NO-CO2 EN LA TIERRA;CULTIVO DE ARROZ;CULTIVO DE ARROZ;3C7;sin valor;44.42;1243.86;sin valor;sin valor;sin valor;1243.86
20240521;2000;DESECHOS;ELIMINACION DE DESECHOS SOLIDOS;ELIMINACION DE DESECHOS SOLIDOS;ELIMINACION DE DESECHOS SOLIDOS;4A;sin valor;164.54;4607.18;sin valor;sin valor;sin valor;4607.18
20240521;2000;DESECHOS;TRATAMIENTO BIOLOGICO DE DESECHOS SOLIDOS;TRATAMIENTO BIOLOGICO DE DESECHOS SOLIDOS;TRATAMIENTO BIOLOGICO DE DESECHOS SOLIDOS;4B;sin valor;sin valor;sin valor;sin valor;sin valor;sin valor;sin valor
20240521;2000;DESECHOS;INCINERACION E INCINERACION ABIERTA DE DESECHOS SOLIDOS;INCINERACION ABIERTA DE DESECHOS;INCINERACION ABIERTA DE DESECHOS;4C2;35.53;0.51;14.22;0.01;2.56;sin valor;52.31
20240521;2000;DESECHOS;TRATAMIENTO Y ELIMINACION DE AGUAS RESIDUALES;TRATAMIENTO Y ELIMINACION DE AGUAS RESIDUALES DOMESTICAS;TRATAMIENTO Y ELIMINACION DE AGUAS RESIDUALES DOMESTICAS;4D1;sin valor;68.94;1930.4;1.05;278.04;sin valor;2208.44
20240521;2000;DESECHOS;TRATAMIENTO Y ELIMINACION DE AGUAS RESIDUALES;TRATAMIENTO Y ELIMINACION DE AGUAS RESIDUALES INDUSTRIALES;TRATAMIENTO Y ELIMINACION DE AGUAS RESIDUALES INDUSTRIALES;4D2;sin valor;14.21;397.76;sin valor;sin valor;sin valor;397.76
