periodo_denuncia;anio_denuncia;fecha_descarga;distrito_fiscal;especialidad;tipo_caso;generico;subgenerico;articulo;des_articulo;cantidad;ubigeo_pjfs;dpto_pjfs;prov_pjfs;dist_pjfs;fecha_corte
ENERO - DICIEMBRE;2023;01/08/2024;LAMBAYEQUE;PENAL;DENUNCIA;CONTRA EL ESTADO Y LA DEFENSA NACIONAL;ATENTADOS CONTRA SEGURIDAD NACIONAL Y TRAICIÓN A LA PATRIA;328;Formas agravadas ;1;140101;LAMBAYEQUE;CHICLAYO;CHICLAYO;24/01/2024
ENERO - DICIEMBRE;2023;01/08/2024;LAMBAYEQUE;PENAL;DENUNCIA;CONTRA EL ESTADO Y LA DEFENSA NACIONAL;ATENTADOS CONTRA SEGURIDAD NACIONAL Y TRAICIÓN A LA PATRIA;333;Provocación pública a la desobediencia militar;1;140101;LAMBAYEQUE;CHICLAYO;CHICLAYO;24/01/2024
ENERO - DICIEMBRE;2023;01/08/2024;LAMBAYEQUE;PENAL;DENUNCIA;CONTRA EL ESTADO Y LA DEFENSA NACIONAL;DELITOS QUE COMPROMETEN LAS RELACIONES EXTERIORES DEL ESTADO;343;Actos de hostilidad ordenados por beligerantes;1;140101;LAMBAYEQUE;CHICLAYO;CHICLAYO;24/01/2024
ENERO - DICIEMBRE;2023;01/08/2024;LAMBAYEQUE;PENAL;DENUNCIA;CONTRA EL HONOR;CALUMNIA Y DIFAMACION;130;Injuria;7;140101;LAMBAYEQUE;CHICLAYO;CHICLAYO;24/01/2024
ENERO - DICIEMBRE;2023;01/08/2024;LAMBAYEQUE;PENAL;DENUNCIA;CONTRA EL HONOR;CALUMNIA Y DIFAMACION;131;Calumnia;15;140101;LAMBAYEQUE;CHICLAYO;CHICLAYO;24/01/2024
ENERO - DICIEMBRE;2023;01/08/2024;LAMBAYEQUE;PENAL;DENUNCIA;CONTRA EL HONOR;CALUMNIA Y DIFAMACION;132;Difamación;28;140101;LAMBAYEQUE;CHICLAYO;CHICLAYO;24/01/2024
ENERO - DICIEMBRE;2023;01/08/2024;LAMBAYEQUE;PENAL;DENUNCIA;CONTRA EL ORDEN ECONOMICO;ABUSO DEL PODER ECONOMICO;232;Abuso del poder económico;1;140101;LAMBAYEQUE;CHICLAYO;CHICLAYO;24/01/2024
ENERO - DICIEMBRE;2023;01/08/2024;LAMBAYEQUE;PENAL;DENUNCIA;CONTRA EL ORDEN ECONOMICO;ACAPARAMIENTO;235;Adulteracion;4;140101;LAMBAYEQUE;CHICLAYO;CHICLAYO;24/01/2024
ENERO - DICIEMBRE;2023;01/08/2024;LAMBAYEQUE;PENAL;DENUNCIA;CONTRA EL ORDEN ECONOMICO;DESEMPEÑO DE ACTIVIDADES NO AUTORIZADAS;243-B;Desempeño de actividades no autorizadas.;2;140101;LAMBAYEQUE;CHICLAYO;CHICLAYO;24/01/2024
ENERO - DICIEMBRE;2023;01/08/2024;LAMBAYEQUE;PENAL;DENUNCIA;CONTRA EL ORDEN FINANCIERO Y MONETARIO;DELITOS FINANCIEROS;246;Instituciones financieras ilegales;1;140101;LAMBAYEQUE;CHICLAYO;CHICLAYO;24/01/2024
ENERO - DICIEMBRE;2023;01/08/2024;LAMBAYEQUE;PENAL;DENUNCIA;CONTRA EL ORDEN FINANCIERO Y MONETARIO;DELITOS FINANCIEROS;247;Financiamiento por medio de información fraudulenta;5;140101;LAMBAYEQUE;CHICLAYO;CHICLAYO;24/01/2024
ENERO - DICIEMBRE;2023;01/08/2024;LAMBAYEQUE;PENAL;DENUNCIA;CONTRA EL ORDEN FINANCIERO Y MONETARIO;DELITOS FINANCIEROS;251-A;Uso indebido de información privilegiada-Formas agravadas;1;140101;LAMBAYEQUE;CHICLAYO;CHICLAYO;24/01/2024
ENERO - DICIEMBRE;2023;01/08/2024;LAMBAYEQUE;PENAL;DENUNCIA;CONTRA EL ORDEN FINANCIERO Y MONETARIO;DELITOS MONETARIOS;252;Fabricación y falsificación de moneda de curso legal;14;140101;LAMBAYEQUE;CHICLAYO;CHICLAYO;24/01/2024
ENERO - DICIEMBRE;2023;01/08/2024;LAMBAYEQUE;PENAL;DENUNCIA;CONTRA EL ORDEN FINANCIERO Y MONETARIO;DELITOS MONETARIOS;254;Tráfico de moneda falsa;35;140101;LAMBAYEQUE;CHICLAYO;CHICLAYO;24/01/2024
ENERO - DICIEMBRE;2023;01/08/2024;LAMBAYEQUE;PENAL;DENUNCIA;CONTRA EL ORDEN FINANCIERO Y MONETARIO;DELITOS MONETARIOS;255;Fabricación o introducción en el territorio de la República de instrumentos destinados a la falsificación de billetes o monedas;1;140101;LAMBAYEQUE;CHICLAYO;CHICLAYO;24/01/2024
ENERO - DICIEMBRE;2023;01/08/2024;LAMBAYEQUE;PENAL;DENUNCIA;CONTRA EL ORDEN FINANCIERO Y MONETARIO;DELITOS MONETARIOS;256;Alteración de billetes o monedas;3;140101;LAMBAYEQUE;CHICLAYO;CHICLAYO;24/01/2024
ENERO - DICIEMBRE;2023;01/08/2024;LAMBAYEQUE;PENAL;DENUNCIA;CONTRA EL ORDEN FINANCIERO Y MONETARIO;DELITOS MONETARIOS;257-A;Formas agravadas;9;140101;LAMBAYEQUE;CHICLAYO;CHICLAYO;24/01/2024
ENERO - DICIEMBRE;2023;01/08/2024;LAMBAYEQUE;PENAL;DENUNCIA;CONTRA EL PATRIMONIO;ABIGEATO;189-A;Hurto de ganado;152;140101;LAMBAYEQUE;CHICLAYO;CHICLAYO;24/01/2024
ENERO - DICIEMBRE;2023;01/08/2024;LAMBAYEQUE;PENAL;DENUNCIA;CONTRA EL PATRIMONIO;ABIGEATO;189-B;Hurto de uso de ganado;14;140101;LAMBAYEQUE;CHICLAYO;CHICLAYO;24/01/2024
ENERO - DICIEMBRE;2023;01/08/2024;LAMBAYEQUE;PENAL;DENUNCIA;CONTRA EL PATRIMONIO;ABIGEATO;189-C;Robo de ganado ;20;140101;LAMBAYEQUE;CHICLAYO;CHICLAYO;24/01/2024
ENERO - DICIEMBRE;2023;01/08/2024;LAMBAYEQUE;PENAL;DENUNCIA;CONTRA EL PATRIMONIO;APROPIACION ILICITA;190;Apropiación ilícita común;594;140101;LAMBAYEQUE;CHICLAYO;CHICLAYO;24/01/2024
ENERO - DICIEMBRE;2023;01/08/2024;LAMBAYEQUE;PENAL;DENUNCIA;CONTRA EL PATRIMONIO;APROPIACION ILICITA;191;Sustracción de bien propio;6;140101;LAMBAYEQUE;CHICLAYO;CHICLAYO;24/01/2024
ENERO - DICIEMBRE;2023;01/08/2024;LAMBAYEQUE;PENAL;DENUNCIA;CONTRA EL PATRIMONIO;APROPIACION ILICITA;192;Apropiación irregular;37;140101;LAMBAYEQUE;CHICLAYO;CHICLAYO;24/01/2024
ENERO - DICIEMBRE;2023;01/08/2024;LAMBAYEQUE;PENAL;DENUNCIA;CONTRA EL PATRIMONIO;APROPIACION ILICITA;193;Apropiación de prenda;4;140101;LAMBAYEQUE;CHICLAYO;CHICLAYO;24/01/2024
ENERO - DICIEMBRE;2023;01/08/2024;LAMBAYEQUE;PENAL;DENUNCIA;CONTRA EL PATRIMONIO;DAÑOS;205;Daño simple;2948;140101;LAMBAYEQUE;CHICLAYO;CHICLAYO;24/01/2024
ENERO - DICIEMBRE;2023;01/08/2024;LAMBAYEQUE;PENAL;DENUNCIA;CONTRA EL PATRIMONIO;DAÑOS;206;Formas agravadas;213;140101;LAMBAYEQUE;CHICLAYO;CHICLAYO;24/01/2024
ENERO - DICIEMBRE;2023;01/08/2024;LAMBAYEQUE;PENAL;DENUNCIA;CONTRA EL PATRIMONIO;DAÑOS;206-A;Abandono y actos de crueldad contra animales domésticos y silvestres;122;140101;LAMBAYEQUE;CHICLAYO;CHICLAYO;24/01/2024
ENERO - DICIEMBRE;2023;01/08/2024;LAMBAYEQUE;PENAL;DENUNCIA;CONTRA EL PATRIMONIO;DAÑOS;207;Producción o venta de alimentos en mal estado para los animales;2;140101;LAMBAYEQUE;CHICLAYO;CHICLAYO;24/01/2024
ENERO - DICIEMBRE;2023;01/08/2024;LAMBAYEQUE;PENAL;DENUNCIA;CONTRA EL PATRIMONIO;ESTAFA Y OTRAS DEFRAUDACIONES;196;Estafa;2077;140101;LAMBAYEQUE;CHICLAYO;CHICLAYO;24/01/2024
ENERO - DICIEMBRE;2023;01/08/2024;LAMBAYEQUE;PENAL;DENUNCIA;CONTRA EL PATRIMONIO;ESTAFA Y OTRAS DEFRAUDACIONES;196-A;Estafa agravada;380;140101;LAMBAYEQUE;CHICLAYO;CHICLAYO;24/01/2024
ENERO - DICIEMBRE;2023;01/08/2024;LAMBAYEQUE;PENAL;DENUNCIA;CONTRA EL PATRIMONIO;ESTAFA Y OTRAS DEFRAUDACIONES;197;Casos de defraudación;88;140101;LAMBAYEQUE;CHICLAYO;CHICLAYO;24/01/2024
ENERO - DICIEMBRE;2023;01/08/2024;LAMBAYEQUE;PENAL;DENUNCIA;CONTRA EL PATRIMONIO;EXTORSION;200;Extorsión.;898;140101;LAMBAYEQUE;CHICLAYO;CHICLAYO;24/01/2024
ENERO - DICIEMBRE;2023;01/08/2024;LAMBAYEQUE;PENAL;DENUNCIA;CONTRA EL PATRIMONIO;EXTORSION;201;Chantaje;46;140101;LAMBAYEQUE;CHICLAYO;CHICLAYO;24/01/2024
ENERO - DICIEMBRE;2023;01/08/2024;LAMBAYEQUE;PENAL;DENUNCIA;CONTRA EL PATRIMONIO;FRAUDE EN LA ADMINISTR. DE PERS. JURID.;198;Administración fraudulenta;46;140101;LAMBAYEQUE;CHICLAYO;CHICLAYO;24/01/2024
ENERO - DICIEMBRE;2023;01/08/2024;LAMBAYEQUE;PENAL;DENUNCIA;CONTRA EL PATRIMONIO;FRAUDE EN LA ADMINISTR. DE PERS. JURID.;198-A;Informes de auditorí­a distorsionados;1;140101;LAMBAYEQUE;CHICLAYO;CHICLAYO;24/01/2024
ENERO - DICIEMBRE;2023;01/08/2024;LAMBAYEQUE;PENAL;DENUNCIA;CONTRA EL PATRIMONIO;FRAUDE EN LA ADMINISTR. DE PERS. JURID.;199;Contabilidad paralela;1;140101;LAMBAYEQUE;CHICLAYO;CHICLAYO;24/01/2024
ENERO - DICIEMBRE;2023;01/08/2024;LAMBAYEQUE;PENAL;DENUNCIA;CONTRA EL PATRIMONIO;HURTO;185;Hurto simple;6489;140101;LAMBAYEQUE;CHICLAYO;CHICLAYO;24/01/2024
ENERO - DICIEMBRE;2023;01/08/2024;LAMBAYEQUE;PENAL;DENUNCIA;CONTRA EL PATRIMONIO;HURTO;186;Hurto agravado;14151;140101;LAMBAYEQUE;CHICLAYO;CHICLAYO;24/01/2024
ENERO - DICIEMBRE;2023;01/08/2024;LAMBAYEQUE;PENAL;DENUNCIA;CONTRA EL PATRIMONIO;HURTO;187;Hurto de uso;9;140101;LAMBAYEQUE;CHICLAYO;CHICLAYO;24/01/2024
ENERO - DICIEMBRE;2023;01/08/2024;LAMBAYEQUE;PENAL;DENUNCIA;CONTRA EL PATRIMONIO;RECEPTACION;194;Receptación.;2604;140101;LAMBAYEQUE;CHICLAYO;CHICLAYO;24/01/2024
ENERO - DICIEMBRE;2023;01/08/2024;LAMBAYEQUE;PENAL;DENUNCIA;CONTRA EL PATRIMONIO;RECEPTACION;194-A;Distribución de señales de satélite portadoras de programas;1;140101;LAMBAYEQUE;CHICLAYO;CHICLAYO;24/01/2024
ENERO - DICIEMBRE;2023;01/08/2024;LAMBAYEQUE;PENAL;DENUNCIA;CONTRA EL PATRIMONIO;RECEPTACION;195;Formas agravadas;321;140101;LAMBAYEQUE;CHICLAYO;CHICLAYO;24/01/2024
ENERO - DICIEMBRE;2023;01/08/2024;LAMBAYEQUE;PENAL;DENUNCIA;CONTRA EL PATRIMONIO;ROBO;188;Robo.;462;140101;LAMBAYEQUE;CHICLAYO;CHICLAYO;24/01/2024
ENERO - DICIEMBRE;2023;01/08/2024;LAMBAYEQUE;PENAL;DENUNCIA;CONTRA EL PATRIMONIO;ROBO;189;Robo agravado;8466;140101;LAMBAYEQUE;CHICLAYO;CHICLAYO;24/01/2024
ENERO - DICIEMBRE;2023;01/08/2024;LAMBAYEQUE;PENAL;DENUNCIA;CONTRA EL PATRIMONIO;USURPACION;202;Usurpación.;929;140101;LAMBAYEQUE;CHICLAYO;CHICLAYO;24/01/2024
ENERO - DICIEMBRE;2023;01/08/2024;LAMBAYEQUE;PENAL;DENUNCIA;CONTRA EL PATRIMONIO;USURPACION;203;Desvíoilegal del curso de las aguas;17;140101;LAMBAYEQUE;CHICLAYO;CHICLAYO;24/01/2024
ENERO - DICIEMBRE;2023;01/08/2024;LAMBAYEQUE;PENAL;DENUNCIA;CONTRA EL PATRIMONIO;USURPACION;204;Formas agravadas de usurpación;528;140101;LAMBAYEQUE;CHICLAYO;CHICLAYO;24/01/2024
ENERO - DICIEMBRE;2023;01/08/2024;LAMBAYEQUE;PENAL;DENUNCIA;CONTRA EL PATRIMONIO CULTURAL;CONTRA LOS BIENES CULTURALES;226;Atentados contra monumentos arqueológicos;21;140101;LAMBAYEQUE;CHICLAYO;CHICLAYO;24/01/2024
ENERO - DICIEMBRE;2023;01/08/2024;LAMBAYEQUE;PENAL;DENUNCIA;CONTRA EL PATRIMONIO CULTURAL;CONTRA LOS BIENES CULTURALES;227;Inducción a la comisión de atentados contra yacimientos arqueológicos;2;140101;LAMBAYEQUE;CHICLAYO;CHICLAYO;24/01/2024
ENERO - DICIEMBRE;2023;01/08/2024;LAMBAYEQUE;PENAL;DENUNCIA;CONTRA EL PATRIMONIO CULTURAL;CONTRA LOS BIENES CULTURALES;228;Extracción ilegal de bienes culturales;9;140101;LAMBAYEQUE;CHICLAYO;CHICLAYO;24/01/2024
ENERO - DICIEMBRE;2023;01/08/2024;LAMBAYEQUE;PENAL;DENUNCIA;CONTRA LA ADMINISTRACION PUBLICA;DELITOS COMETIDOS POR FUNCIONARIOS PUBLICOS;376;Abuso de autoridad;391;140101;LAMBAYEQUE;CHICLAYO;CHICLAYO;24/01/2024
ENERO - DICIEMBRE;2023;01/08/2024;LAMBAYEQUE;PENAL;DENUNCIA;CONTRA LA ADMINISTRACION PUBLICA;DELITOS COMETIDOS POR FUNCIONARIOS PUBLICOS;376-A;Abuso de autoridad condicionando ilegalmente la entrega de bienes y servicios;2;140101;LAMBAYEQUE;CHICLAYO;CHICLAYO;24/01/2024
ENERO - DICIEMBRE;2023;01/08/2024;LAMBAYEQUE;PENAL;DENUNCIA;CONTRA LA ADMINISTRACION PUBLICA;DELITOS COMETIDOS POR FUNCIONARIOS PUBLICOS;376-B;Otorgamiento ilegí­timo de derechos sobre inmuebles (abuso de autoridad);5;140101;LAMBAYEQUE;CHICLAYO;CHICLAYO;24/01/2024
ENERO - DICIEMBRE;2023;01/08/2024;LAMBAYEQUE;PENAL;DENUNCIA;CONTRA LA ADMINISTRACION PUBLICA;DELITOS COMETIDOS POR FUNCIONARIOS PUBLICOS;377;Omisión;277;140101;LAMBAYEQUE;CHICLAYO;CHICLAYO;24/01/2024
ENERO - DICIEMBRE;2023;01/08/2024;LAMBAYEQUE;PENAL;DENUNCIA;CONTRA LA ADMINISTRACION PUBLICA;DELITOS COMETIDOS POR FUNCIONARIOS PUBLICOS;378;Denegación o deficiente apoyo policial (abuso de autoridad);4;140101;LAMBAYEQUE;CHICLAYO;CHICLAYO;24/01/2024
ENERO - DICIEMBRE;2023;01/08/2024;LAMBAYEQUE;PENAL;DENUNCIA;CONTRA LA ADMINISTRACION PUBLICA;DELITOS COMETIDOS POR FUNCIONARIOS PUBLICOS;379;Requerimiento indebido de la fuerza pública (abuso de autoridad);2;140101;LAMBAYEQUE;CHICLAYO;CHICLAYO;24/01/2024
ENERO - DICIEMBRE;2023;01/08/2024;LAMBAYEQUE;PENAL;DENUNCIA;CONTRA LA ADMINISTRACION PUBLICA;DELITOS COMETIDOS POR FUNCIONARIOS PUBLICOS;380;Abandono de cargo (abuso de autoridad);1;140101;LAMBAYEQUE;CHICLAYO;CHICLAYO;24/01/2024
ENERO - DICIEMBRE;2023;01/08/2024;LAMBAYEQUE;PENAL;DENUNCIA;CONTRA LA ADMINISTRACION PUBLICA;DELITOS COMETIDOS POR FUNCIONARIOS PUBLICOS;381;Nombramiento o aceptación ilegal (abuso de autoridad);45;140101;LAMBAYEQUE;CHICLAYO;CHICLAYO;24/01/2024
ENERO - DICIEMBRE;2023;01/08/2024;LAMBAYEQUE;PENAL;DENUNCIA;CONTRA LA ADMINISTRACION PUBLICA;DELITOS COMETIDOS POR FUNCIONARIOS PUBLICOS;382;Cobro indebido (concusión);8;140101;LAMBAYEQUE;CHICLAYO;CHICLAYO;24/01/2024
ENERO - DICIEMBRE;2023;01/08/2024;LAMBAYEQUE;PENAL;DENUNCIA;CONTRA LA ADMINISTRACION PUBLICA;DELITOS COMETIDOS POR FUNCIONARIOS PUBLICOS;383;Cobro indebido (concusión);16;140101;LAMBAYEQUE;CHICLAYO;CHICLAYO;24/01/2024
ENERO - DICIEMBRE;2023;01/08/2024;LAMBAYEQUE;PENAL;DENUNCIA;CONTRA LA ADMINISTRACION PUBLICA;DELITOS COMETIDOS POR FUNCIONARIOS PUBLICOS;384;Colusión simple y agravada (concusión);178;140101;LAMBAYEQUE;CHICLAYO;CHICLAYO;24/01/2024
ENERO - DICIEMBRE;2023;01/08/2024;LAMBAYEQUE;PENAL;DENUNCIA;CONTRA LA ADMINISTRACION PUBLICA;DELITOS COMETIDOS POR FUNCIONARIOS PUBLICOS;385;Patrocinio ilegal (concusión);4;140101;LAMBAYEQUE;CHICLAYO;CHICLAYO;24/01/2024
ENERO - DICIEMBRE;2023;01/08/2024;LAMBAYEQUE;PENAL;DENUNCIA;CONTRA LA ADMINISTRACION PUBLICA;DELITOS COMETIDOS POR FUNCIONARIOS PUBLICOS;387;Peculado doloso y culposo (peculado);79;140101;LAMBAYEQUE;CHICLAYO;CHICLAYO;24/01/2024
ENERO - DICIEMBRE;2023;01/08/2024;LAMBAYEQUE;PENAL;DENUNCIA;CONTRA LA ADMINISTRACION PUBLICA;DELITOS COMETIDOS POR FUNCIONARIOS PUBLICOS;388;Peculado de uso (peculado);7;140101;LAMBAYEQUE;CHICLAYO;CHICLAYO;24/01/2024
ENERO - DICIEMBRE;2023;01/08/2024;LAMBAYEQUE;PENAL;DENUNCIA;CONTRA LA ADMINISTRACION PUBLICA;DELITOS COMETIDOS POR FUNCIONARIOS PUBLICOS;389;Malversación (peculado);19;140101;LAMBAYEQUE;CHICLAYO;CHICLAYO;24/01/2024
ENERO - DICIEMBRE;2023;01/08/2024;LAMBAYEQUE;PENAL;DENUNCIA;CONTRA LA ADMINISTRACION PUBLICA;DELITOS COMETIDOS POR FUNCIONARIOS PUBLICOS;390;Retardo injustificado de pago (peculado);13;140101;LAMBAYEQUE;CHICLAYO;CHICLAYO;24/01/2024
ENERO - DICIEMBRE;2023;01/08/2024;LAMBAYEQUE;PENAL;DENUNCIA;CONTRA LA ADMINISTRACION PUBLICA;DELITOS COMETIDOS POR FUNCIONARIOS PUBLICOS;391;Rehusamiento a entrega de bienes depositados o puestos en custodia;1;140101;LAMBAYEQUE;CHICLAYO;CHICLAYO;24/01/2024
ENERO - DICIEMBRE;2023;01/08/2024;LAMBAYEQUE;PENAL;DENUNCIA;CONTRA LA ADMINISTRACION PUBLICA;DELITOS COMETIDOS POR FUNCIONARIOS PUBLICOS;393;Cohecho pasivo propio (Corrupción de funcionarios);45;140101;LAMBAYEQUE;CHICLAYO;CHICLAYO;24/01/2024
ENERO - DICIEMBRE;2023;01/08/2024;LAMBAYEQUE;PENAL;DENUNCIA;CONTRA LA ADMINISTRACION PUBLICA;DELITOS COMETIDOS POR FUNCIONARIOS PUBLICOS;394;Cohecho pasivo impropio (Corrupción de funcionarios);5;140101;LAMBAYEQUE;CHICLAYO;CHICLAYO;24/01/2024
ENERO - DICIEMBRE;2023;01/08/2024;LAMBAYEQUE;PENAL;DENUNCIA;CONTRA LA ADMINISTRACION PUBLICA;DELITOS COMETIDOS POR FUNCIONARIOS PUBLICOS;395;Cohecho pasivo específico (Corrupción de funcionarios);10;140101;LAMBAYEQUE;CHICLAYO;CHICLAYO;24/01/2024
ENERO - DICIEMBRE;2023;01/08/2024;LAMBAYEQUE;PENAL;DENUNCIA;CONTRA LA ADMINISTRACION PUBLICA;DELITOS COMETIDOS POR FUNCIONARIOS PUBLICOS;395-A;Cohecho pasivo propio en el ejercicio de la funciÃ³n policial (Corrupción de funcionarios);47;140101;LAMBAYEQUE;CHICLAYO;CHICLAYO;24/01/2024
ENERO - DICIEMBRE;2023;01/08/2024;LAMBAYEQUE;PENAL;DENUNCIA;CONTRA LA ADMINISTRACION PUBLICA;DELITOS COMETIDOS POR FUNCIONARIOS PUBLICOS;395-B;Cohecho pasivo impropio en el ejercicio de la funciÃ³n policial (Corrupción de funcionarios);5;140101;LAMBAYEQUE;CHICLAYO;CHICLAYO;24/01/2024
ENERO - DICIEMBRE;2023;01/08/2024;LAMBAYEQUE;PENAL;DENUNCIA;CONTRA LA ADMINISTRACION PUBLICA;DELITOS COMETIDOS POR FUNCIONARIOS PUBLICOS;396;Corrupción pasiva de auxiliares jurisdiccionales (Corrupción de funcionarios);3;140101;LAMBAYEQUE;CHICLAYO;CHICLAYO;24/01/2024
ENERO - DICIEMBRE;2023;01/08/2024;LAMBAYEQUE;PENAL;DENUNCIA;CONTRA LA ADMINISTRACION PUBLICA;DELITOS COMETIDOS POR FUNCIONARIOS PUBLICOS;397;Cohecho activo genérico (Corrupción de funcionarios);12;140101;LAMBAYEQUE;CHICLAYO;CHICLAYO;24/01/2024
ENERO - DICIEMBRE;2023;01/08/2024;LAMBAYEQUE;PENAL;DENUNCIA;CONTRA LA ADMINISTRACION PUBLICA;DELITOS COMETIDOS POR FUNCIONARIOS PUBLICOS;398;Cohecho activo específico (Corrupción de funcionarios);2;140101;LAMBAYEQUE;CHICLAYO;CHICLAYO;24/01/2024
ENERO - DICIEMBRE;2023;01/08/2024;LAMBAYEQUE;PENAL;DENUNCIA;CONTRA LA ADMINISTRACION PUBLICA;DELITOS COMETIDOS POR FUNCIONARIOS PUBLICOS;399;Negociación incompatible o aprovechamiento indebido de cargo (Corrupción de funcionarios);62;140101;LAMBAYEQUE;CHICLAYO;CHICLAYO;24/01/2024
ENERO - DICIEMBRE;2023;01/08/2024;LAMBAYEQUE;PENAL;DENUNCIA;CONTRA LA ADMINISTRACION PUBLICA;DELITOS COMETIDOS POR FUNCIONARIOS PUBLICOS;400;Tráfico de influencias (Corrupción de funcionarios);32;140101;LAMBAYEQUE;CHICLAYO;CHICLAYO;24/01/2024
ENERO - DICIEMBRE;2023;01/08/2024;LAMBAYEQUE;PENAL;DENUNCIA;CONTRA LA ADMINISTRACION PUBLICA;DELITOS COMETIDOS POR FUNCIONARIOS PUBLICOS;401;Enriquecimiento Ilícito (Corrupción de funcionarios);6;140101;LAMBAYEQUE;CHICLAYO;CHICLAYO;24/01/2024
ENERO - DICIEMBRE;2023;01/08/2024;LAMBAYEQUE;PENAL;DENUNCIA;CONTRA LA ADMINISTRACION PUBLICA;DELITOS COMETIDOS POR PARTICULARES;361;Usurpación de función pública;65;140101;LAMBAYEQUE;CHICLAYO;CHICLAYO;24/01/2024
ENERO - DICIEMBRE;2023;01/08/2024;LAMBAYEQUE;PENAL;DENUNCIA;CONTRA LA ADMINISTRACION PUBLICA;DELITOS COMETIDOS POR PARTICULARES;362;Ostentación de distintivos de función o cargos que no ejerce;10;140101;LAMBAYEQUE;CHICLAYO;CHICLAYO;24/01/2024
ENERO - DICIEMBRE;2023;01/08/2024;LAMBAYEQUE;PENAL;DENUNCIA;CONTRA LA ADMINISTRACION PUBLICA;DELITOS COMETIDOS POR PARTICULARES;363;Ejercicio ilegal de profesión;20;140101;LAMBAYEQUE;CHICLAYO;CHICLAYO;24/01/2024
ENERO - DICIEMBRE;2023;01/08/2024;LAMBAYEQUE;PENAL;DENUNCIA;CONTRA LA ADMINISTRACION PUBLICA;DELITOS COMETIDOS POR PARTICULARES;364;Participación en ejercicio ilegal de la profesión ;1;140101;LAMBAYEQUE;CHICLAYO;CHICLAYO;24/01/2024
ENERO - DICIEMBRE;2023;01/08/2024;LAMBAYEQUE;PENAL;DENUNCIA;CONTRA LA ADMINISTRACION PUBLICA;DELITOS COMETIDOS POR PARTICULARES;365;Violencia contra la autoridad para obligarle a algo;28;140101;LAMBAYEQUE;CHICLAYO;CHICLAYO;24/01/2024
ENERO - DICIEMBRE;2023;01/08/2024;LAMBAYEQUE;PENAL;DENUNCIA;CONTRA LA ADMINISTRACION PUBLICA;DELITOS COMETIDOS POR PARTICULARES;366;Violencia contra la autoridad para impedir el ejercicio de sus funciones;36;140101;LAMBAYEQUE;CHICLAYO;CHICLAYO;24/01/2024
ENERO - DICIEMBRE;2023;01/08/2024;LAMBAYEQUE;PENAL;DENUNCIA;CONTRA LA ADMINISTRACION PUBLICA;DELITOS COMETIDOS POR PARTICULARES;367;Formas agravadas (Art. 365 y 366);4;140101;LAMBAYEQUE;CHICLAYO;CHICLAYO;24/01/2024
ENERO - DICIEMBRE;2023;01/08/2024;LAMBAYEQUE;PENAL;DENUNCIA;CONTRA LA ADMINISTRACION PUBLICA;DELITOS COMETIDOS POR PARTICULARES;368;Resistencia o desobediencia a la autoridad;1618;140101;LAMBAYEQUE;CHICLAYO;CHICLAYO;24/01/2024
ENERO - DICIEMBRE;2023;01/08/2024;LAMBAYEQUE;PENAL;DENUNCIA;CONTRA LA ADMINISTRACION PUBLICA;DELITOS COMETIDOS POR PARTICULARES;368-A;Ingreso indebido de equipos o sistema de comunicación;47;140101;LAMBAYEQUE;CHICLAYO;CHICLAYO;24/01/2024
ENERO - DICIEMBRE;2023;01/08/2024;LAMBAYEQUE;PENAL;DENUNCIA;CONTRA LA ADMINISTRACION PUBLICA;DELITOS COMETIDOS POR PARTICULARES;368-B;Ingreso indebido de materiales o componentes con fines de elaboración de equipos de comunicación en centros de detención;19;140101;LAMBAYEQUE;CHICLAYO;CHICLAYO;24/01/2024
ENERO - DICIEMBRE;2023;01/08/2024;LAMBAYEQUE;PENAL;DENUNCIA;CONTRA LA ADMINISTRACION PUBLICA;DELITOS COMETIDOS POR PARTICULARES;368-D;Posesión  indebida de teléfonos celulares o armas;7;140101;LAMBAYEQUE;CHICLAYO;CHICLAYO;24/01/2024
ENERO - DICIEMBRE;2023;01/08/2024;LAMBAYEQUE;PENAL;DENUNCIA;CONTRA LA ADMINISTRACION PUBLICA;DELITOS COMETIDOS POR PARTICULARES;369;Violencia contra autoridades elegidas;1;140101;LAMBAYEQUE;CHICLAYO;CHICLAYO;24/01/2024
ENERO - DICIEMBRE;2023;01/08/2024;LAMBAYEQUE;PENAL;DENUNCIA;CONTRA LA ADMINISTRACION PUBLICA;DELITOS COMETIDOS POR PARTICULARES;370;Atentado contra la conservación e identidad de objeto;1;140101;LAMBAYEQUE;CHICLAYO;CHICLAYO;24/01/2024
ENERO - DICIEMBRE;2023;01/08/2024;LAMBAYEQUE;PENAL;DENUNCIA;CONTRA LA ADMINISTRACION PUBLICA;DELITOS COMETIDOS POR PARTICULARES;372;Atentado contra documentos que sirven de prueba en el proceso;7;140101;LAMBAYEQUE;CHICLAYO;CHICLAYO;24/01/2024
ENERO - DICIEMBRE;2023;01/08/2024;LAMBAYEQUE;PENAL;DENUNCIA;CONTRA LA ADMINISTRACION PUBLICA;DELITOS COMETIDOS POR PARTICULARES;374;Desacato;2;140101;LAMBAYEQUE;CHICLAYO;CHICLAYO;24/01/2024
ENERO - DICIEMBRE;2023;01/08/2024;LAMBAYEQUE;PENAL;DENUNCIA;CONTRA LA ADMINISTRACION PUBLICA;DELITOS COMETIDOS POR PARTICULARES;375;Perturbación del orden en el lugar donde la autoridad ejerce su funciÃ³n (Desacato);4;140101;LAMBAYEQUE;CHICLAYO;CHICLAYO;24/01/2024
ENERO - DICIEMBRE;2023;01/08/2024;LAMBAYEQUE;PENAL;DENUNCIA;CONTRA LA ADMINISTRACION PUBLICA;DELITOS CONTRA LA ADMINISTRACION DE JUSTICIA;402;Denuncia calumniosa;74;140101;LAMBAYEQUE;CHICLAYO;CHICLAYO;24/01/2024
ENERO - DICIEMBRE;2023;01/08/2024;LAMBAYEQUE;PENAL;DENUNCIA;CONTRA LA ADMINISTRACION PUBLICA;DELITOS CONTRA LA ADMINISTRACION DE JUSTICIA;403;Ocultamiento de menor a las investigaciones;8;140101;LAMBAYEQUE;CHICLAYO;CHICLAYO;24/01/2024
ENERO - DICIEMBRE;2023;01/08/2024;LAMBAYEQUE;PENAL;DENUNCIA;CONTRA LA ADMINISTRACION PUBLICA;DELITOS CONTRA LA ADMINISTRACION DE JUSTICIA;404;Encubrimiento personal;15;140101;LAMBAYEQUE;CHICLAYO;CHICLAYO;24/01/2024
ENERO - DICIEMBRE;2023;01/08/2024;LAMBAYEQUE;PENAL;DENUNCIA;CONTRA LA ADMINISTRACION PUBLICA;DELITOS CONTRA LA ADMINISTRACION DE JUSTICIA;405;Encubrimiento real;8;140101;LAMBAYEQUE;CHICLAYO;CHICLAYO;24/01/2024
ENERO - DICIEMBRE;2023;01/08/2024;LAMBAYEQUE;PENAL;DENUNCIA;CONTRA LA ADMINISTRACION PUBLICA;DELITOS CONTRA LA ADMINISTRACION DE JUSTICIA;407;Omisión de denuncia;10;140101;LAMBAYEQUE;CHICLAYO;CHICLAYO;24/01/2024
ENERO - DICIEMBRE;2023;01/08/2024;LAMBAYEQUE;PENAL;DENUNCIA;CONTRA LA ADMINISTRACION PUBLICA;DELITOS CONTRA LA ADMINISTRACION DE JUSTICIA;408;Fuga del lugar del accidente de trÃ¡nsito;56;140101;LAMBAYEQUE;CHICLAYO;CHICLAYO;24/01/2024
ENERO - DICIEMBRE;2023;01/08/2024;LAMBAYEQUE;PENAL;DENUNCIA;CONTRA LA ADMINISTRACION PUBLICA;DELITOS CONTRA LA ADMINISTRACION DE JUSTICIA;409;Falsedad en juicio;8;140101;LAMBAYEQUE;CHICLAYO;CHICLAYO;24/01/2024
ENERO - DICIEMBRE;2023;01/08/2024;LAMBAYEQUE;PENAL;DENUNCIA;CONTRA LA ADMINISTRACION PUBLICA;DELITOS CONTRA LA ADMINISTRACION DE JUSTICIA;409-A;Obstrucción de la justicia;7;140101;LAMBAYEQUE;CHICLAYO;CHICLAYO;24/01/2024
ENERO - DICIEMBRE;2023;01/08/2024;LAMBAYEQUE;PENAL;DENUNCIA;CONTRA LA ADMINISTRACION PUBLICA;DELITOS CONTRA LA ADMINISTRACION DE JUSTICIA;409-B;Revelación indebida de identidad;1;140101;LAMBAYEQUE;CHICLAYO;CHICLAYO;24/01/2024
ENERO - DICIEMBRE;2023;01/08/2024;LAMBAYEQUE;PENAL;DENUNCIA;CONTRA LA ADMINISTRACION PUBLICA;DELITOS CONTRA LA ADMINISTRACION DE JUSTICIA;410;Avocamiento ilegal de proceso en trÃ¡mite;5;140101;LAMBAYEQUE;CHICLAYO;CHICLAYO;24/01/2024
ENERO - DICIEMBRE;2023;01/08/2024;LAMBAYEQUE;PENAL;DENUNCIA;CONTRA LA ADMINISTRACION PUBLICA;DELITOS CONTRA LA ADMINISTRACION DE JUSTICIA;411;Falsa declaración en procedimiento administrativo;64;140101;LAMBAYEQUE;CHICLAYO;CHICLAYO;24/01/2024
ENERO - DICIEMBRE;2023;01/08/2024;LAMBAYEQUE;PENAL;DENUNCIA;CONTRA LA ADMINISTRACION PUBLICA;DELITOS CONTRA LA ADMINISTRACION DE JUSTICIA;412;Expedición de prueba o informe falso en proceso judicial;3;140101;LAMBAYEQUE;CHICLAYO;CHICLAYO;24/01/2024
ENERO - DICIEMBRE;2023;01/08/2024;LAMBAYEQUE;PENAL;DENUNCIA;CONTRA LA ADMINISTRACION PUBLICA;DELITOS CONTRA LA ADMINISTRACION DE JUSTICIA;414;Favorecimiento a la fuga;1;140101;LAMBAYEQUE;CHICLAYO;CHICLAYO;24/01/2024
ENERO - DICIEMBRE;2023;01/08/2024;LAMBAYEQUE;PENAL;DENUNCIA;CONTRA LA ADMINISTRACION PUBLICA;DELITOS CONTRA LA ADMINISTRACION DE JUSTICIA;415;Amotinamiento de detenido o interno;1;140101;LAMBAYEQUE;CHICLAYO;CHICLAYO;24/01/2024
ENERO - DICIEMBRE;2023;01/08/2024;LAMBAYEQUE;PENAL;DENUNCIA;CONTRA LA ADMINISTRACION PUBLICA;DELITOS CONTRA LA ADMINISTRACION DE JUSTICIA;416;Fraude procesal;77;140101;LAMBAYEQUE;CHICLAYO;CHICLAYO;24/01/2024
ENERO - DICIEMBRE;2023;01/08/2024;LAMBAYEQUE;PENAL;DENUNCIA;CONTRA LA ADMINISTRACION PUBLICA;DELITOS CONTRA LA ADMINISTRACION DE JUSTICIA;417;Ejercicio arbitrario de derecho. Justicia por propia mano;5;140101;LAMBAYEQUE;CHICLAYO;CHICLAYO;24/01/2024
ENERO - DICIEMBRE;2023;01/08/2024;LAMBAYEQUE;PENAL;DENUNCIA;CONTRA LA ADMINISTRACION PUBLICA;DELITOS CONTRA LA ADMINISTRACION DE JUSTICIA;418;Prevaricato;37;140101;LAMBAYEQUE;CHICLAYO;CHICLAYO;24/01/2024
ENERO - DICIEMBRE;2023;01/08/2024;LAMBAYEQUE;PENAL;DENUNCIA;CONTRA LA ADMINISTRACION PUBLICA;DELITOS CONTRA LA ADMINISTRACION DE JUSTICIA;421;Patrocinio indebido de abogado o mandatario judicial (prevaricato);3;140101;LAMBAYEQUE;CHICLAYO;CHICLAYO;24/01/2024
ENERO - DICIEMBRE;2023;01/08/2024;LAMBAYEQUE;PENAL;DENUNCIA;CONTRA LA ADMINISTRACION PUBLICA;DELITOS CONTRA LA ADMINISTRACION DE JUSTICIA;422;Negativa a administrar justicia;7;140101;LAMBAYEQUE;CHICLAYO;CHICLAYO;24/01/2024
ENERO - DICIEMBRE;2023;01/08/2024;LAMBAYEQUE;PENAL;DENUNCIA;CONTRA LA ADMINISTRACION PUBLICA;DELITOS CONTRA LA ADMINISTRACION DE JUSTICIA;423;Negativa al cumplimiento de obligaciones de notario y auxiliares jurisdiccionales;2;140101;LAMBAYEQUE;CHICLAYO;CHICLAYO;24/01/2024
ENERO - DICIEMBRE;2023;01/08/2024;LAMBAYEQUE;PENAL;DENUNCIA;CONTRA LA ADMINISTRACION PUBLICA;DELITOS CONTRA LA ADMINISTRACION DE JUSTICIA;424;Omisión de ejercicio de la acción penal;2;140101;LAMBAYEQUE;CHICLAYO;CHICLAYO;24/01/2024
ENERO - DICIEMBRE;2023;01/08/2024;LAMBAYEQUE;PENAL;DENUNCIA;CONTRA LA ADMINISTRACION PUBLICA;DELITOS CONTRA LA ADMINISTRACION DE JUSTICIA;425;Funcionario o servidor público (disposiciones comunes);3;140101;LAMBAYEQUE;CHICLAYO;CHICLAYO;24/01/2024
ENERO - DICIEMBRE;2023;01/08/2024;LAMBAYEQUE;PENAL;DENUNCIA;CONTRA LA CONF.Y.LA.BUEN.FE.EN.NEGOCIOS;ATENTADOS CONTRA EL SISTEMA CREDITICIO;209;Actos Ilícitos;1;140101;LAMBAYEQUE;CHICLAYO;CHICLAYO;24/01/2024
ENERO - DICIEMBRE;2023;01/08/2024;LAMBAYEQUE;PENAL;DENUNCIA;CONTRA LA CONF.Y.LA.BUEN.FE.EN.NEGOCIOS;LIBRAMIENTO Y COBRO INDEBIDO;215;Modalidades de libramientos indebidos;26;140101;LAMBAYEQUE;CHICLAYO;CHICLAYO;24/01/2024
ENERO - DICIEMBRE;2023;01/08/2024;LAMBAYEQUE;PENAL;DENUNCIA;CONTRA LA CONF.Y.LA.BUEN.FE.EN.NEGOCIOS;USURA;214;Usura;21;140101;LAMBAYEQUE;CHICLAYO;CHICLAYO;24/01/2024
ENERO - DICIEMBRE;2023;01/08/2024;LAMBAYEQUE;PENAL;DENUNCIA;CONTRA LA DIGNIDAD HUMANA;EXPLOTACION;129-C;Explotación sexual;3;140101;LAMBAYEQUE;CHICLAYO;CHICLAYO;24/01/2024
ENERO - DICIEMBRE;2023;01/08/2024;LAMBAYEQUE;PENAL;DENUNCIA;CONTRA LA DIGNIDAD HUMANA;EXPLOTACION;129-D;Promoción o favorecimiento de la Explotación sexual;1;140101;LAMBAYEQUE;CHICLAYO;CHICLAYO;24/01/2024
ENERO - DICIEMBRE;2023;01/08/2024;LAMBAYEQUE;PENAL;DENUNCIA;CONTRA LA DIGNIDAD HUMANA;EXPLOTACION;129-H;Explotación sexual de niñas;2;140101;LAMBAYEQUE;CHICLAYO;CHICLAYO;24/01/2024
ENERO - DICIEMBRE;2023;01/08/2024;LAMBAYEQUE;PENAL;DENUNCIA;CONTRA LA DIGNIDAD HUMANA;EXPLOTACION;129-I;Promoción y favorecimiento de la Explotación sexual de niñas;1;140101;LAMBAYEQUE;CHICLAYO;CHICLAYO;24/01/2024
ENERO - DICIEMBRE;2023;01/08/2024;LAMBAYEQUE;PENAL;DENUNCIA;CONTRA LA DIGNIDAD HUMANA;EXPLOTACION;129-K;Beneficio de la Explotación sexual de niñas;7;140101;LAMBAYEQUE;CHICLAYO;CHICLAYO;24/01/2024
ENERO - DICIEMBRE;2023;01/08/2024;LAMBAYEQUE;PENAL;DENUNCIA;CONTRA LA DIGNIDAD HUMANA;EXPLOTACION;129-M;Pornografía infantil;7;140101;LAMBAYEQUE;CHICLAYO;CHICLAYO;24/01/2024
ENERO - DICIEMBRE;2023;01/08/2024;LAMBAYEQUE;PENAL;DENUNCIA;CONTRA LA DIGNIDAD HUMANA;EXPLOTACION;129-Ã‘;Esclavitud y otras formas de explotación;1;140101;LAMBAYEQUE;CHICLAYO;CHICLAYO;24/01/2024
ENERO - DICIEMBRE;2023;01/08/2024;LAMBAYEQUE;PENAL;DENUNCIA;CONTRA LA DIGNIDAD HUMANA;EXPLOTACION;129-O;Trabajo forzoso;2;140101;LAMBAYEQUE;CHICLAYO;CHICLAYO;24/01/2024
ENERO - DICIEMBRE;2023;01/08/2024;LAMBAYEQUE;PENAL;DENUNCIA;CONTRA LA DIGNIDAD HUMANA;TRATA DE PERSONAS;129-A;Trata de personas;6;140101;LAMBAYEQUE;CHICLAYO;CHICLAYO;24/01/2024
ENERO - DICIEMBRE;2023;01/08/2024;LAMBAYEQUE;PENAL;DENUNCIA;CONTRA LA DIGNIDAD HUMANA;TRATA DE PERSONAS;129-B;Formas agravadas de la Trata de Personas;5;140101;LAMBAYEQUE;CHICLAYO;CHICLAYO;24/01/2024
ENERO - DICIEMBRE;2023;01/08/2024;LAMBAYEQUE;PENAL;DENUNCIA;CONTRA LA FAMILIA;ATENTADOS CONTRA LA PATRIA POTESTAD;147;Sustracción de menor;291;140101;LAMBAYEQUE;CHICLAYO;CHICLAYO;24/01/2024
ENERO - DICIEMBRE;2023;01/08/2024;LAMBAYEQUE;PENAL;DENUNCIA;CONTRA LA FAMILIA;ATENTADOS CONTRA LA PATRIA POTESTAD;148;Inducción a la fuga de menor;344;140101;LAMBAYEQUE;CHICLAYO;CHICLAYO;24/01/2024
ENERO - DICIEMBRE;2023;01/08/2024;LAMBAYEQUE;PENAL;DENUNCIA;CONTRA LA FAMILIA;ATENTADOS CONTRA LA PATRIA POTESTAD;148-A;Participación en pandillaje pernicioso;1;140101;LAMBAYEQUE;CHICLAYO;CHICLAYO;24/01/2024
ENERO - DICIEMBRE;2023;01/08/2024;LAMBAYEQUE;PENAL;DENUNCIA;CONTRA LA FAMILIA;CONTRA EL ESTADO CIVIL;144;Fingimiento de embarazo o parto;1;140101;LAMBAYEQUE;CHICLAYO;CHICLAYO;24/01/2024
ENERO - DICIEMBRE;2023;01/08/2024;LAMBAYEQUE;PENAL;DENUNCIA;CONTRA LA FAMILIA;CONTRA EL ESTADO CIVIL;145;Alteración o supresión de la filiación de menor;5;140101;LAMBAYEQUE;CHICLAYO;CHICLAYO;24/01/2024
ENERO - DICIEMBRE;2023;01/08/2024;LAMBAYEQUE;PENAL;DENUNCIA;CONTRA LA FAMILIA;MATRIMONIOS ILEGALES;139;Bigamia;6;140101;LAMBAYEQUE;CHICLAYO;CHICLAYO;24/01/2024
ENERO - DICIEMBRE;2023;01/08/2024;LAMBAYEQUE;PENAL;DENUNCIA;CONTRA LA FAMILIA;MATRIMONIOS ILEGALES;141;Autorización ilegal de matrimonio;1;140101;LAMBAYEQUE;CHICLAYO;CHICLAYO;24/01/2024
ENERO - DICIEMBRE;2023;01/08/2024;LAMBAYEQUE;PENAL;DENUNCIA;CONTRA LA FAMILIA;MATRIMONIOS ILEGALES;142;Inobservancia de formalidades legales;1;140101;LAMBAYEQUE;CHICLAYO;CHICLAYO;24/01/2024
ENERO - DICIEMBRE;2023;01/08/2024;LAMBAYEQUE;PENAL;DENUNCIA;CONTRA LA FAMILIA;OMISION DE ASISTENCIA FAMILIAR;149;Omisión de prestación de alimentos;6700;140101;LAMBAYEQUE;CHICLAYO;CHICLAYO;24/01/2024
ENERO - DICIEMBRE;2023;01/08/2024;LAMBAYEQUE;PENAL;DENUNCIA;CONTRA LA FAMILIA;OMISION DE ASISTENCIA FAMILIAR;150;Abandono de mujer gestante y en situación crítica;4;140101;LAMBAYEQUE;CHICLAYO;CHICLAYO;24/01/2024
ENERO - DICIEMBRE;2023;01/08/2024;LAMBAYEQUE;PENAL;DENUNCIA;CONTRA LA FE PUBLICA;DISPOSICIONES COMUNES;438;Falsedad genérica (disposiciones comunes);221;140101;LAMBAYEQUE;CHICLAYO;CHICLAYO;24/01/2024
ENERO - DICIEMBRE;2023;01/08/2024;LAMBAYEQUE;PENAL;DENUNCIA;CONTRA LA FE PUBLICA;FALSIFICACION DE DOCUMENTOS EN GENERAL;427;falsificación de documentos;493;140101;LAMBAYEQUE;CHICLAYO;CHICLAYO;24/01/2024
ENERO - DICIEMBRE;2023;01/08/2024;LAMBAYEQUE;PENAL;DENUNCIA;CONTRA LA FE PUBLICA;FALSIFICACION DE DOCUMENTOS EN GENERAL;428;Falsedad ideológica;354;140101;LAMBAYEQUE;CHICLAYO;CHICLAYO;24/01/2024
ENERO - DICIEMBRE;2023;01/08/2024;LAMBAYEQUE;PENAL;DENUNCIA;CONTRA LA FE PUBLICA;FALSIFICACION DE DOCUMENTOS EN GENERAL;428-B;Falsedad en el reporte de los volúmenes de pesca capturados;4;140101;LAMBAYEQUE;CHICLAYO;CHICLAYO;24/01/2024
ENERO - DICIEMBRE;2023;01/08/2024;LAMBAYEQUE;PENAL;DENUNCIA;CONTRA LA FE PUBLICA;FALSIFICACION DE DOCUMENTOS EN GENERAL;429;Omisión de consignar declaraciones en documentos;3;140101;LAMBAYEQUE;CHICLAYO;CHICLAYO;24/01/2024
ENERO - DICIEMBRE;2023;01/08/2024;LAMBAYEQUE;PENAL;DENUNCIA;CONTRA LA FE PUBLICA;FALSIFICACION DE DOCUMENTOS EN GENERAL;430;Supresión;9;140101;LAMBAYEQUE;CHICLAYO;CHICLAYO;24/01/2024
ENERO - DICIEMBRE;2023;01/08/2024;LAMBAYEQUE;PENAL;DENUNCIA;CONTRA LA FE PUBLICA;FALSIFICACION DE DOCUMENTOS EN GENERAL;431;Expedición de certificado médico falso;2;140101;LAMBAYEQUE;CHICLAYO;CHICLAYO;24/01/2024
ENERO - DICIEMBRE;2023;01/08/2024;LAMBAYEQUE;PENAL;DENUNCIA;CONTRA LA FE PUBLICA;FALSIFICACION DE DOCUMENTOS EN GENERAL;432;Inhabilitación;3;140101;LAMBAYEQUE;CHICLAYO;CHICLAYO;24/01/2024
ENERO - DICIEMBRE;2023;01/08/2024;LAMBAYEQUE;PENAL;DENUNCIA;CONTRA LA FE PUBLICA;FALSIFICACION DE SELLOS;434;Fabricación o falsificación de sellos o timbres oficiales;3;140101;LAMBAYEQUE;CHICLAYO;CHICLAYO;24/01/2024
ENERO - DICIEMBRE;2023;01/08/2024;LAMBAYEQUE;PENAL;DENUNCIA;CONTRA LA FE PUBLICA;FALSIFICACION DE SELLOS;435;Fabricación fraudulenta o falsificación de marcas o contraseÃ±as oficiales;8;140101;LAMBAYEQUE;CHICLAYO;CHICLAYO;24/01/2024
ENERO - DICIEMBRE;2023;01/08/2024;LAMBAYEQUE;PENAL;DENUNCIA;CONTRA LA HUMANIDAD;DESAPARICION FORZADA;320;Desaparición forzada de personas;257;140101;LAMBAYEQUE;CHICLAYO;CHICLAYO;24/01/2024
ENERO - DICIEMBRE;2023;01/08/2024;LAMBAYEQUE;PENAL;DENUNCIA;CONTRA LA HUMANIDAD;DISCRIMINACION;323;Discriminación e incitación a la discriminación;27;140101;LAMBAYEQUE;CHICLAYO;CHICLAYO;24/01/2024
ENERO - DICIEMBRE;2023;01/08/2024;LAMBAYEQUE;PENAL;DENUNCIA;CONTRA LA HUMANIDAD;GENOCIDIO;319;Genocidio;3;140101;LAMBAYEQUE;CHICLAYO;CHICLAYO;24/01/2024
ENERO - DICIEMBRE;2023;01/08/2024;LAMBAYEQUE;PENAL;DENUNCIA;CONTRA LA HUMANIDAD;TORTURA;321;Tortura.;1;140101;LAMBAYEQUE;CHICLAYO;CHICLAYO;24/01/2024
ENERO - DICIEMBRE;2023;01/08/2024;LAMBAYEQUE;PENAL;DENUNCIA;CONTRA LA LIBERTAD;OFENSAS AL PUDOR PUBLICO;183;Exhibiciones y publicaciones obscenas;57;140101;LAMBAYEQUE;CHICLAYO;CHICLAYO;24/01/2024
ENERO - DICIEMBRE;2023;01/08/2024;LAMBAYEQUE;PENAL;DENUNCIA;CONTRA LA LIBERTAD;OFENSAS AL PUDOR PUBLICO;183-B;Proposiciones a niños;11;140101;LAMBAYEQUE;CHICLAYO;CHICLAYO;24/01/2024
ENERO - DICIEMBRE;2023;01/08/2024;LAMBAYEQUE;PENAL;DENUNCIA;CONTRA LA LIBERTAD;PROXENETISMO;179;Favorecimiento a la prostitución;21;140101;LAMBAYEQUE;CHICLAYO;CHICLAYO;24/01/2024
ENERO - DICIEMBRE;2023;01/08/2024;LAMBAYEQUE;PENAL;DENUNCIA;CONTRA LA LIBERTAD;PROXENETISMO;180;Rufianismo;1;140101;LAMBAYEQUE;CHICLAYO;CHICLAYO;24/01/2024
ENERO - DICIEMBRE;2023;01/08/2024;LAMBAYEQUE;PENAL;DENUNCIA;CONTRA LA LIBERTAD;PROXENETISMO;181;Proxenetismo.;1;140101;LAMBAYEQUE;CHICLAYO;CHICLAYO;24/01/2024
ENERO - DICIEMBRE;2023;01/08/2024;LAMBAYEQUE;PENAL;DENUNCIA;CONTRA LA LIBERTAD;VIOLACION DE DOMICILIO;159;Violación de domicilio;246;140101;LAMBAYEQUE;CHICLAYO;CHICLAYO;24/01/2024
ENERO - DICIEMBRE;2023;01/08/2024;LAMBAYEQUE;PENAL;DENUNCIA;CONTRA LA LIBERTAD;VIOLACION DE DOMICILIO;160;Allanamiento ilegal de domicilio;13;140101;LAMBAYEQUE;CHICLAYO;CHICLAYO;24/01/2024
ENERO - DICIEMBRE;2023;01/08/2024;LAMBAYEQUE;PENAL;DENUNCIA;CONTRA LA LIBERTAD;VIOLACION DE LA INTIMIDAD;154;Violación de la intimidad;32;140101;LAMBAYEQUE;CHICLAYO;CHICLAYO;24/01/2024
ENERO - DICIEMBRE;2023;01/08/2024;LAMBAYEQUE;PENAL;DENUNCIA;CONTRA LA LIBERTAD;VIOLACION DE LA INTIMIDAD;154-A;Tráfico ilegal de datos personales;3;140101;LAMBAYEQUE;CHICLAYO;CHICLAYO;24/01/2024
ENERO - DICIEMBRE;2023;01/08/2024;LAMBAYEQUE;PENAL;DENUNCIA;CONTRA LA LIBERTAD;VIOLACION DE LA INTIMIDAD;154-B;Difusión de imágenes obsenas;60;140101;LAMBAYEQUE;CHICLAYO;CHICLAYO;24/01/2024
ENERO - DICIEMBRE;2023;01/08/2024;LAMBAYEQUE;PENAL;DENUNCIA;CONTRA LA LIBERTAD;VIOLACION DE LA INTIMIDAD;155;Agravante por razón de la función;1;140101;LAMBAYEQUE;CHICLAYO;CHICLAYO;24/01/2024
ENERO - DICIEMBRE;2023;01/08/2024;LAMBAYEQUE;PENAL;DENUNCIA;CONTRA LA LIBERTAD;VIOLACION DE LA LIBERTAD DE EXPRESION;169;Violación de la libertad de expresión;3;140101;LAMBAYEQUE;CHICLAYO;CHICLAYO;24/01/2024
ENERO - DICIEMBRE;2023;01/08/2024;LAMBAYEQUE;PENAL;DENUNCIA;CONTRA LA LIBERTAD;VIOLACION DE LA LIBERTAD DE TRABAJO;168;Atentado contra la libertad de trabajo y asociaciÃ³n;22;140101;LAMBAYEQUE;CHICLAYO;CHICLAYO;24/01/2024
ENERO - DICIEMBRE;2023;01/08/2024;LAMBAYEQUE;PENAL;DENUNCIA;CONTRA LA LIBERTAD;VIOLACION DE LA LIBERTAD DE TRABAJO;168-A;Atentado contra las condiciones de seguridad y salud en el trabajo;6;140101;LAMBAYEQUE;CHICLAYO;CHICLAYO;24/01/2024
ENERO - DICIEMBRE;2023;01/08/2024;LAMBAYEQUE;PENAL;DENUNCIA;CONTRA LA LIBERTAD;VIOLACION DE LA LIBERTAD PERSONAL;151;Coacción;1495;140101;LAMBAYEQUE;CHICLAYO;CHICLAYO;24/01/2024
ENERO - DICIEMBRE;2023;01/08/2024;LAMBAYEQUE;PENAL;DENUNCIA;CONTRA LA LIBERTAD;VIOLACION DE LA LIBERTAD PERSONAL;151-A;Acoso;602;140101;LAMBAYEQUE;CHICLAYO;CHICLAYO;24/01/2024
ENERO - DICIEMBRE;2023;01/08/2024;LAMBAYEQUE;PENAL;DENUNCIA;CONTRA LA LIBERTAD;VIOLACION DE LA LIBERTAD PERSONAL;152;Secuestro;250;140101;LAMBAYEQUE;CHICLAYO;CHICLAYO;24/01/2024
ENERO - DICIEMBRE;2023;01/08/2024;LAMBAYEQUE;PENAL;DENUNCIA;CONTRA LA LIBERTAD;VIOLACION DE LA LIBERTAD SEXUAL;170;Violación sexual;366;140101;LAMBAYEQUE;CHICLAYO;CHICLAYO;24/01/2024
ENERO - DICIEMBRE;2023;01/08/2024;LAMBAYEQUE;PENAL;DENUNCIA;CONTRA LA LIBERTAD;VIOLACION DE LA LIBERTAD SEXUAL;171;Violación de persona en estado de inconsciencia o en la imposibilidad de resistir;20;140101;LAMBAYEQUE;CHICLAYO;CHICLAYO;24/01/2024
ENERO - DICIEMBRE;2023;01/08/2024;LAMBAYEQUE;PENAL;DENUNCIA;CONTRA LA LIBERTAD;VIOLACION DE LA LIBERTAD SEXUAL;172;Violación de persona en incapacidad de dar su libre consentimiento;14;140101;LAMBAYEQUE;CHICLAYO;CHICLAYO;24/01/2024
ENERO - DICIEMBRE;2023;01/08/2024;LAMBAYEQUE;PENAL;DENUNCIA;CONTRA LA LIBERTAD;VIOLACION DE LA LIBERTAD SEXUAL;173;Violación sexual de menor de edad;406;140101;LAMBAYEQUE;CHICLAYO;CHICLAYO;24/01/2024
ENERO - DICIEMBRE;2023;01/08/2024;LAMBAYEQUE;PENAL;DENUNCIA;CONTRA LA LIBERTAD;VIOLACION DE LA LIBERTAD SEXUAL;175;Violación sexual mediante engaÃ±o;53;140101;LAMBAYEQUE;CHICLAYO;CHICLAYO;24/01/2024
ENERO - DICIEMBRE;2023;01/08/2024;LAMBAYEQUE;PENAL;DENUNCIA;CONTRA LA LIBERTAD;VIOLACION DE LA LIBERTAD SEXUAL;176;Tocamientos indebidos;328;140101;LAMBAYEQUE;CHICLAYO;CHICLAYO;24/01/2024
ENERO - DICIEMBRE;2023;01/08/2024;LAMBAYEQUE;PENAL;DENUNCIA;CONTRA LA LIBERTAD;VIOLACION DE LA LIBERTAD SEXUAL;176-A;Tocamientos indebidos;506;140101;LAMBAYEQUE;CHICLAYO;CHICLAYO;24/01/2024
ENERO - DICIEMBRE;2023;01/08/2024;LAMBAYEQUE;PENAL;DENUNCIA;CONTRA LA LIBERTAD;VIOLACION DE LA LIBERTAD SEXUAL;176-B;Acoso sexual;217;140101;LAMBAYEQUE;CHICLAYO;CHICLAYO;24/01/2024
ENERO - DICIEMBRE;2023;01/08/2024;LAMBAYEQUE;PENAL;DENUNCIA;CONTRA LA LIBERTAD;VIOLACION DE LA LIBERTAD SEXUAL;176-C;Chantaje sexual;32;140101;LAMBAYEQUE;CHICLAYO;CHICLAYO;24/01/2024
ENERO - DICIEMBRE;2023;01/08/2024;LAMBAYEQUE;PENAL;DENUNCIA;CONTRA LA LIBERTAD;VIOLACION DE LA LIBERTAD SEXUAL;177;Formas agravadas;12;140101;LAMBAYEQUE;CHICLAYO;CHICLAYO;24/01/2024
ENERO - DICIEMBRE;2023;01/08/2024;LAMBAYEQUE;PENAL;DENUNCIA;CONTRA LA LIBERTAD;VIOLACION DEL SECRETO DE LAS COMUNICAC.;161;Violación de correspondencia;3;140101;LAMBAYEQUE;CHICLAYO;CHICLAYO;24/01/2024
ENERO - DICIEMBRE;2023;01/08/2024;LAMBAYEQUE;PENAL;DENUNCIA;CONTRA LA LIBERTAD;VIOLACION DEL SECRETO DE LAS COMUNICAC.;164;Publicación indebida de correspondencia;2;140101;LAMBAYEQUE;CHICLAYO;CHICLAYO;24/01/2024
ENERO - DICIEMBRE;2023;01/08/2024;LAMBAYEQUE;PENAL;DENUNCIA;CONTRA LA LIBERTAD;VIOLACION DEL SECRETO PROFESIONAL;165;Violación del secreto profesional;1;140101;LAMBAYEQUE;CHICLAYO;CHICLAYO;24/01/2024
ENERO - DICIEMBRE;2023;01/08/2024;LAMBAYEQUE;PENAL;DENUNCIA;CONTRA LA SEGURIDAD PUBLICA;CONTRA EL ORDEN MIGRATORIO;303-B;Formas agravadas del Tráfico Ilícito de migrantes;1;140101;LAMBAYEQUE;CHICLAYO;CHICLAYO;24/01/2024
ENERO - DICIEMBRE;2023;01/08/2024;LAMBAYEQUE;PENAL;DENUNCIA;CONTRA LA SEGURIDAD PUBLICA;CONTRA LA SALUD PUBLICA (CONTAMINACION Y PROPAGACION);286;Contaminación o adulteración de bienes o insumos destinados al uso o consumo humano y Alteración de la fecha de vencimiento;6;140101;LAMBAYEQUE;CHICLAYO;CHICLAYO;24/01/2024
ENERO - DICIEMBRE;2023;01/08/2024;LAMBAYEQUE;PENAL;DENUNCIA;CONTRA LA SEGURIDAD PUBLICA;CONTRA LA SALUD PUBLICA (CONTAMINACION Y PROPAGACION;287;Contaminación o adulteración de alimentos o bebidas y Alteración de la fecha de vencimiento;13;140101;LAMBAYEQUE;CHICLAYO;CHICLAYO;24/01/2024
ENERO - DICIEMBRE;2023;01/08/2024;LAMBAYEQUE;PENAL;DENUNCIA;CONTRA LA SEGURIDAD PUBLICA;CONTRA LA SALUD PUBLICA (CONTAMINACION Y PROPAGACION);288;Producción;7;140101;LAMBAYEQUE;CHICLAYO;CHICLAYO;24/01/2024
ENERO - DICIEMBRE;2023;01/08/2024;LAMBAYEQUE;PENAL;DENUNCIA;CONTRA LA SEGURIDAD PUBLICA;CONTRA LA SALUD PUBLICA (CONTAMINACION Y PROPAGACION);288-B;Uso de productos tóxicos o peligrosos;5;140101;LAMBAYEQUE;CHICLAYO;CHICLAYO;24/01/2024
ENERO - DICIEMBRE;2023;01/08/2024;LAMBAYEQUE;PENAL;DENUNCIA;CONTRA LA SEGURIDAD PUBLICA;CONTRA LA SALUD PUBLICA (CONTAMINACION Y PROPAGACION);289;Propagación de enfermedad peligrosa o contagiosa;11;140101;LAMBAYEQUE;CHICLAYO;CHICLAYO;24/01/2024
ENERO - DICIEMBRE;2023;01/08/2024;LAMBAYEQUE;PENAL;DENUNCIA;CONTRA LA SEGURIDAD PUBLICA;CONTRA LA SALUD PUBLICA (CONTAMINACION Y PROPAGACION);290;Ejercicio ilegal de la medicina;3;140101;LAMBAYEQUE;CHICLAYO;CHICLAYO;24/01/2024
ENERO - DICIEMBRE;2023;01/08/2024;LAMBAYEQUE;PENAL;DENUNCIA;CONTRA LA SEGURIDAD PUBLICA;CONTRA LA SALUD PUBLICA (CONTAMINACION Y PROPAGACION);291;Ejercicio malicioso y desleal de la medicina;2;140101;LAMBAYEQUE;CHICLAYO;CHICLAYO;24/01/2024
ENERO - DICIEMBRE;2023;01/08/2024;LAMBAYEQUE;PENAL;DENUNCIA;CONTRA LA SEGURIDAD PUBLICA;CONTRA LA SALUD PUBLICA (CONTAMINACION Y PROPAGACION);292;Violación de medidas sanitarias;7;140101;LAMBAYEQUE;CHICLAYO;CHICLAYO;24/01/2024
ENERO - DICIEMBRE;2023;01/08/2024;LAMBAYEQUE;PENAL;DENUNCIA;CONTRA LA SEGURIDAD PUBLICA;CONTRA LA SALUD PUBLICA (CONTAMINACION Y PROPAGACION);294;Suministro infiel de productos farmacéuticos;3;140101;LAMBAYEQUE;CHICLAYO;CHICLAYO;24/01/2024
ENERO - DICIEMBRE;2023;01/08/2024;LAMBAYEQUE;PENAL;DENUNCIA;CONTRA LA SEGURIDAD PUBLICA;CONTRA LA SALUD PUBLICA (CONTAMINACION Y PROPAGACION);294-A;falsificación;6;140101;LAMBAYEQUE;CHICLAYO;CHICLAYO;24/01/2024
ENERO - DICIEMBRE;2023;01/08/2024;LAMBAYEQUE;PENAL;DENUNCIA;CONTRA LA SEGURIDAD PUBLICA;CONTRA LA SALUD PUBLICA (CONTAMINACION Y PROPAGACION);294-B;Comercialización de productos farmacéuticos;5;140101;LAMBAYEQUE;CHICLAYO;CHICLAYO;24/01/2024
ENERO - DICIEMBRE;2023;01/08/2024;LAMBAYEQUE;PENAL;DENUNCIA;CONTRA LA SEGURIDAD PUBLICA;CONTRA LA SALUD PUBLICA (CONTAMINACION Y PROPAGACION);294-C;Agravantes;2;140101;LAMBAYEQUE;CHICLAYO;CHICLAYO;24/01/2024
ENERO - DICIEMBRE;2023;01/08/2024;LAMBAYEQUE;PENAL;DENUNCIA;CONTRA LA SEGURIDAD PUBLICA;CONTRA LA SALUD PUBLICA (CONTAMINACION Y PROPAGACION);295;Formas culposas;1;140101;LAMBAYEQUE;CHICLAYO;CHICLAYO;24/01/2024
ENERO - DICIEMBRE;2023;01/08/2024;LAMBAYEQUE;PENAL;DENUNCIA;CONTRA LA SEGURIDAD PUBLICA;CONTRA LA SALUD PUBLICA (CONTAMINACION Y PROPAGACION);296;PromociÃ³n o favorecimiento al Tráfico Ilícito de Drogas y otros;266;140101;LAMBAYEQUE;CHICLAYO;CHICLAYO;24/01/2024
ENERO - DICIEMBRE;2023;01/08/2024;LAMBAYEQUE;PENAL;DENUNCIA;CONTRA LA SEGURIDAD PUBLICA;CONTRA LA SALUD PUBLICA (CONTAMINACION Y PROPAGACION);296-A;Comercialización y cultivo de amapola y marihuana y su siembra compulsiva;3;140101;LAMBAYEQUE;CHICLAYO;CHICLAYO;24/01/2024
ENERO - DICIEMBRE;2023;01/08/2024;LAMBAYEQUE;PENAL;DENUNCIA;CONTRA LA SEGURIDAD PUBLICA;CONTRA LA SALUD PUBLICA (CONTAMINACION Y PROPAGACION);296-B;Tráfico Ilícito de Insumos Químicos y Productos Fiscalizados.;23;140101;LAMBAYEQUE;CHICLAYO;CHICLAYO;24/01/2024
ENERO - DICIEMBRE;2023;01/08/2024;LAMBAYEQUE;PENAL;DENUNCIA;CONTRA LA SEGURIDAD PUBLICA;CONTRA LA SALUD PUBLICA (CONTAMINACION Y PROPAGACION);297;Formas agravadas;8;140101;LAMBAYEQUE;CHICLAYO;CHICLAYO;24/01/2024
ENERO - DICIEMBRE;2023;01/08/2024;LAMBAYEQUE;PENAL;DENUNCIA;CONTRA LA SEGURIDAD PUBLICA;CONTRA LA SALUD PUBLICA (CONTAMINACION Y PROPAGACION);298;MicroComercialización o microproducciÃ³n;222;140101;LAMBAYEQUE;CHICLAYO;CHICLAYO;24/01/2024
ENERO - DICIEMBRE;2023;01/08/2024;LAMBAYEQUE;PENAL;DENUNCIA;CONTRA LA SEGURIDAD PUBLICA;CONTRA LA SALUD PUBLICA (CONTAMINACION Y PROPAGACION);299;Posesión  no punible;2;140101;LAMBAYEQUE;CHICLAYO;CHICLAYO;24/01/2024
ENERO - DICIEMBRE;2023;01/08/2024;LAMBAYEQUE;PENAL;DENUNCIA;CONTRA LA SEGURIDAD PUBLICA;CONTRA LA SALUD PUBLICA (CONTAMINACION Y PROPAGACION);301;Coacción al consumo de droga;1;140101;LAMBAYEQUE;CHICLAYO;CHICLAYO;24/01/2024
ENERO - DICIEMBRE;2023;01/08/2024;LAMBAYEQUE;PENAL;DENUNCIA;CONTRA LA SEGURIDAD PUBLICA;CONTRA LA SALUD PUBLICA (CONTAMINACION Y PROPAGACION);302;Inducción o instigación al consumo de droga;6;140101;LAMBAYEQUE;CHICLAYO;CHICLAYO;24/01/2024
ENERO - DICIEMBRE;2023;01/08/2024;LAMBAYEQUE;PENAL;DENUNCIA;CONTRA LA SEGURIDAD PUBLICA;CONTRA LOS MEDIOS DE TRANSP.;280;Atentado contra los medios de transporte colectivo o de comunicación;3;140101;LAMBAYEQUE;CHICLAYO;CHICLAYO;24/01/2024
ENERO - DICIEMBRE;2023;01/08/2024;LAMBAYEQUE;PENAL;DENUNCIA;CONTRA LA SEGURIDAD PUBLICA;CONTRA LOS MEDIOS DE TRANSP.;281;Atentado contra la seguridad comÃºn;4;140101;LAMBAYEQUE;CHICLAYO;CHICLAYO;24/01/2024
ENERO - DICIEMBRE;2023;01/08/2024;LAMBAYEQUE;PENAL;DENUNCIA;CONTRA LA SEGURIDAD PUBLICA;CONTRA LOS MEDIOS DE TRANSP.;283;Entorpecimiento al funcionamiento de servicios públicos;16;140101;LAMBAYEQUE;CHICLAYO;CHICLAYO;24/01/2024
ENERO - DICIEMBRE;2023;01/08/2024;LAMBAYEQUE;PENAL;DENUNCIA;CONTRA LA SEGURIDAD PUBLICA;CONTRA LOS MEDIOS DE TRANSP.;284;Abandono de servicio de transporte ;1;140101;LAMBAYEQUE;CHICLAYO;CHICLAYO;24/01/2024
ENERO - DICIEMBRE;2023;01/08/2024;LAMBAYEQUE;PENAL;DENUNCIA;CONTRA LA SEGURIDAD PUBLICA;DELITO DE PELIGRO COMUN;273;Peligro por medio de incendio o explosión;31;140101;LAMBAYEQUE;CHICLAYO;CHICLAYO;24/01/2024
ENERO - DICIEMBRE;2023;01/08/2024;LAMBAYEQUE;PENAL;DENUNCIA;CONTRA LA SEGURIDAD PUBLICA;DELITO DE PELIGRO COMUN;273-A;Producción de peligro en el servicio público de transporte de pasajeros;8;140101;LAMBAYEQUE;CHICLAYO;CHICLAYO;24/01/2024
ENERO - DICIEMBRE;2023;01/08/2024;LAMBAYEQUE;PENAL;DENUNCIA;CONTRA LA SEGURIDAD PUBLICA;DELITO DE PELIGRO COMUN;274;Conducción en estado de ebriedad o drogadicción;6131;140101;LAMBAYEQUE;CHICLAYO;CHICLAYO;24/01/2024
ENERO - DICIEMBRE;2023;01/08/2024;LAMBAYEQUE;PENAL;DENUNCIA;CONTRA LA SEGURIDAD PUBLICA;DELITO DE PELIGRO COMUN;274-A;Manipulación en estado de ebriedad o drogadicción;1;140101;LAMBAYEQUE;CHICLAYO;CHICLAYO;24/01/2024
ENERO - DICIEMBRE;2023;01/08/2024;LAMBAYEQUE;PENAL;DENUNCIA;CONTRA LA SEGURIDAD PUBLICA;DELITO DE PELIGRO COMUN;275;Formas agravadas;11;140101;LAMBAYEQUE;CHICLAYO;CHICLAYO;24/01/2024
ENERO - DICIEMBRE;2023;01/08/2024;LAMBAYEQUE;PENAL;DENUNCIA;CONTRA LA SEGURIDAD PUBLICA;DELITO DE PELIGRO COMUN;277;Daños de obras para la defensa común;1;140101;LAMBAYEQUE;CHICLAYO;CHICLAYO;24/01/2024
ENERO - DICIEMBRE;2023;01/08/2024;LAMBAYEQUE;PENAL;DENUNCIA;CONTRA LA SEGURIDAD PUBLICA;DELITO DE PELIGRO COMUN;278;Formas culposas;1;140101;LAMBAYEQUE;CHICLAYO;CHICLAYO;24/01/2024
ENERO - DICIEMBRE;2023;01/08/2024;LAMBAYEQUE;PENAL;DENUNCIA;CONTRA LA SEGURIDAD PUBLICA;DELITO DE PELIGRO COMUN;279;Fabricación;84;140101;LAMBAYEQUE;CHICLAYO;CHICLAYO;24/01/2024
ENERO - DICIEMBRE;2023;01/08/2024;LAMBAYEQUE;PENAL;DENUNCIA;CONTRA LA SEGURIDAD PUBLICA;DELITO DE PELIGRO COMUN;279-A;Producción;33;140101;LAMBAYEQUE;CHICLAYO;CHICLAYO;24/01/2024
ENERO - DICIEMBRE;2023;01/08/2024;LAMBAYEQUE;PENAL;DENUNCIA;CONTRA LA SEGURIDAD PUBLICA;DELITO DE PELIGRO COMUN;279-B;Sustracción o arrebato de armas de fuego;2;140101;LAMBAYEQUE;CHICLAYO;CHICLAYO;24/01/2024
ENERO - DICIEMBRE;2023;01/08/2024;LAMBAYEQUE;PENAL;DENUNCIA;CONTRA LA SEGURIDAD PUBLICA;DELITO DE PELIGRO COMUN;279-C;Tráfico de productos pirotécnicos;14;140101;LAMBAYEQUE;CHICLAYO;CHICLAYO;24/01/2024
ENERO - DICIEMBRE;2023;01/08/2024;LAMBAYEQUE;PENAL;DENUNCIA;CONTRA LA SEGURIDAD PUBLICA;DELITO DE PELIGRO COMUN;279-E;Ensamblado;1;140101;LAMBAYEQUE;CHICLAYO;CHICLAYO;24/01/2024
ENERO - DICIEMBRE;2023;01/08/2024;LAMBAYEQUE;PENAL;DENUNCIA;CONTRA LA SEGURIDAD PUBLICA;DELITO DE PELIGRO COMUN;279-F;Uso de armas en estado de ebriedad o drogadicciÃ³n;7;140101;LAMBAYEQUE;CHICLAYO;CHICLAYO;24/01/2024
ENERO - DICIEMBRE;2023;01/08/2024;LAMBAYEQUE;PENAL;DENUNCIA;CONTRA LA SEGURIDAD PUBLICA;DELITO DE PELIGRO COMUN;279-G;Fabricación;102;140101;LAMBAYEQUE;CHICLAYO;CHICLAYO;24/01/2024
ENERO - DICIEMBRE;2023;01/08/2024;LAMBAYEQUE;PENAL;DENUNCIA;CONTRA LA TRANQUILIDAD PUBLICA;DECRETO LEY 25475 (TERRORISMO);3;Penas aplicables;2;140101;LAMBAYEQUE;CHICLAYO;CHICLAYO;24/01/2024
ENERO - DICIEMBRE;2023;01/08/2024;LAMBAYEQUE;PENAL;DENUNCIA;CONTRA LA TRANQUILIDAD PUBLICA;DELITOS CONTRA LA PAZ PUBLICA;315;Disturbios;20;140101;LAMBAYEQUE;CHICLAYO;CHICLAYO;24/01/2024
ENERO - DICIEMBRE;2023;01/08/2024;LAMBAYEQUE;PENAL;DENUNCIA;CONTRA LA TRANQUILIDAD PUBLICA;DELITOS CONTRA LA PAZ PUBLICA;315-A;Delito de grave Perturbación de la tranquilidad pública;10;140101;LAMBAYEQUE;CHICLAYO;CHICLAYO;24/01/2024
ENERO - DICIEMBRE;2023;01/08/2024;LAMBAYEQUE;PENAL;DENUNCIA;CONTRA LA TRANQUILIDAD PUBLICA;DELITOS CONTRA LA PAZ PUBLICA;317;Organización Criminal;56;140101;LAMBAYEQUE;CHICLAYO;CHICLAYO;24/01/2024
ENERO - DICIEMBRE;2023;01/08/2024;LAMBAYEQUE;PENAL;DENUNCIA;CONTRA LA TRANQUILIDAD PUBLICA;DELITOS CONTRA LA PAZ PUBLICA;317-A;Marcaje o reglaje;12;140101;LAMBAYEQUE;CHICLAYO;CHICLAYO;24/01/2024
ENERO - DICIEMBRE;2023;01/08/2024;LAMBAYEQUE;PENAL;DENUNCIA;CONTRA LA TRANQUILIDAD PUBLICA;DELITOS CONTRA LA PAZ PUBLICA;317-B;Banda Criminal;14;140101;LAMBAYEQUE;CHICLAYO;CHICLAYO;24/01/2024
ENERO - DICIEMBRE;2023;01/08/2024;LAMBAYEQUE;PENAL;DENUNCIA;CONTRA LA TRANQUILIDAD PUBLICA;DELITOS CONTRA LA PAZ PUBLICA;318;Ofensas a la memoria de los muertos;5;140101;LAMBAYEQUE;CHICLAYO;CHICLAYO;24/01/2024
ENERO - DICIEMBRE;2023;01/08/2024;LAMBAYEQUE;PENAL;DENUNCIA;CONTRA LA VIDA/EL CUERPO Y LA SALUD;ABORTO;114;Autoaborto;29;140101;LAMBAYEQUE;CHICLAYO;CHICLAYO;24/01/2024
ENERO - DICIEMBRE;2023;01/08/2024;LAMBAYEQUE;PENAL;DENUNCIA;CONTRA LA VIDA/EL CUERPO Y LA SALUD;ABORTO;115;Aborto consentido;4;140101;LAMBAYEQUE;CHICLAYO;CHICLAYO;24/01/2024
ENERO - DICIEMBRE;2023;01/08/2024;LAMBAYEQUE;PENAL;DENUNCIA;CONTRA LA VIDA/EL CUERPO Y LA SALUD;ABORTO;116;Aborto sin consentimiento;23;140101;LAMBAYEQUE;CHICLAYO;CHICLAYO;24/01/2024
ENERO - DICIEMBRE;2023;01/08/2024;LAMBAYEQUE;PENAL;DENUNCIA;CONTRA LA VIDA/EL CUERPO Y LA SALUD;ABORTO;117;Agravación de la pena por la calidad del sujeto;2;140101;LAMBAYEQUE;CHICLAYO;CHICLAYO;24/01/2024
ENERO - DICIEMBRE;2023;01/08/2024;LAMBAYEQUE;PENAL;DENUNCIA;CONTRA LA VIDA/EL CUERPO Y LA SALUD;ABORTO;118;Aborto preterintencional;3;140101;LAMBAYEQUE;CHICLAYO;CHICLAYO;24/01/2024
ENERO - DICIEMBRE;2023;01/08/2024;LAMBAYEQUE;PENAL;DENUNCIA;CONTRA LA VIDA/EL CUERPO Y LA SALUD;EXPOSICION A PELIGRO O ABANDONO DE PERSONAS EN PELIGRO;125;Exposición o abandono peligrosos;54;140101;LAMBAYEQUE;CHICLAYO;CHICLAYO;24/01/2024
ENERO - DICIEMBRE;2023;01/08/2024;LAMBAYEQUE;PENAL;DENUNCIA;CONTRA LA VIDA/EL CUERPO Y LA SALUD;EXPOSICION A PELIGRO O ABANDONO DE PERSONAS EN PELIGRO;126;Omisión de socorro y exposición a peligro;21;140101;LAMBAYEQUE;CHICLAYO;CHICLAYO;24/01/2024
ENERO - DICIEMBRE;2023;01/08/2024;LAMBAYEQUE;PENAL;DENUNCIA;CONTRA LA VIDA/EL CUERPO Y LA SALUD;EXPOSICION A PELIGRO O ABANDONO DE PERSONAS EN PELIGRO;127;Omisión de auxilio o aviso a la autoridad;16;140101;LAMBAYEQUE;CHICLAYO;CHICLAYO;24/01/2024
ENERO - DICIEMBRE;2023;01/08/2024;LAMBAYEQUE;PENAL;DENUNCIA;CONTRA LA VIDA/EL CUERPO Y LA SALUD;EXPOSICION A PELIGRO O ABANDONO DE PERSONAS EN PELIGRO;128;Exposición a peligro de persona dependiente;32;140101;LAMBAYEQUE;CHICLAYO;CHICLAYO;24/01/2024
ENERO - DICIEMBRE;2023;01/08/2024;LAMBAYEQUE;PENAL;DENUNCIA;CONTRA LA VIDA/EL CUERPO Y LA SALUD;EXPOSICION A PELIGRO O ABANDONO DE PERSONAS EN PELIGRO;129;Formas agravadas (Art. 125 y 128);3;140101;LAMBAYEQUE;CHICLAYO;CHICLAYO;24/01/2024
ENERO - DICIEMBRE;2023;01/08/2024;LAMBAYEQUE;PENAL;DENUNCIA;CONTRA LA VIDA/EL CUERPO Y LA SALUD;HOMICIDIO;106;Homicidio Simple;423;140101;LAMBAYEQUE;CHICLAYO;CHICLAYO;24/01/2024
ENERO - DICIEMBRE;2023;01/08/2024;LAMBAYEQUE;PENAL;DENUNCIA;CONTRA LA VIDA/EL CUERPO Y LA SALUD;HOMICIDIO;107;Parricidio;5;140101;LAMBAYEQUE;CHICLAYO;CHICLAYO;24/01/2024
ENERO - DICIEMBRE;2023;01/08/2024;LAMBAYEQUE;PENAL;DENUNCIA;CONTRA LA VIDA/EL CUERPO Y LA SALUD;HOMICIDIO;108;Homicidio calificado;37;140101;LAMBAYEQUE;CHICLAYO;CHICLAYO;24/01/2024
ENERO - DICIEMBRE;2023;01/08/2024;LAMBAYEQUE;PENAL;DENUNCIA;CONTRA LA VIDA/EL CUERPO Y LA SALUD;HOMICIDIO;108-B;Feminicidio;28;140101;LAMBAYEQUE;CHICLAYO;CHICLAYO;24/01/2024
ENERO - DICIEMBRE;2023;01/08/2024;LAMBAYEQUE;PENAL;DENUNCIA;CONTRA LA VIDA/EL CUERPO Y LA SALUD;HOMICIDIO;108-C;Sicariato;3;140101;LAMBAYEQUE;CHICLAYO;CHICLAYO;24/01/2024
ENERO - DICIEMBRE;2023;01/08/2024;LAMBAYEQUE;PENAL;DENUNCIA;CONTRA LA VIDA/EL CUERPO Y LA SALUD;HOMICIDIO;109;Homicidio por emoción violenta;5;140101;LAMBAYEQUE;CHICLAYO;CHICLAYO;24/01/2024
ENERO - DICIEMBRE;2023;01/08/2024;LAMBAYEQUE;PENAL;DENUNCIA;CONTRA LA VIDA/EL CUERPO Y LA SALUD;HOMICIDIO;110;Infanticidio;1;140101;LAMBAYEQUE;CHICLAYO;CHICLAYO;24/01/2024
ENERO - DICIEMBRE;2023;01/08/2024;LAMBAYEQUE;PENAL;DENUNCIA;CONTRA LA VIDA/EL CUERPO Y LA SALUD;HOMICIDIO;111;Homicidio Culposo;243;140101;LAMBAYEQUE;CHICLAYO;CHICLAYO;24/01/2024
ENERO - DICIEMBRE;2023;01/08/2024;LAMBAYEQUE;PENAL;DENUNCIA;CONTRA LA VIDA/EL CUERPO Y LA SALUD;HOMICIDIO;112;Homicidio piadoso;1;140101;LAMBAYEQUE;CHICLAYO;CHICLAYO;24/01/2024
ENERO - DICIEMBRE;2023;01/08/2024;LAMBAYEQUE;PENAL;DENUNCIA;CONTRA LA VIDA/EL CUERPO Y LA SALUD;HOMICIDIO;113;Instigación o ayuda al suicidio;48;140101;LAMBAYEQUE;CHICLAYO;CHICLAYO;24/01/2024
ENERO - DICIEMBRE;2023;01/08/2024;LAMBAYEQUE;PENAL;DENUNCIA;CONTRA LA VIDA/EL CUERPO Y LA SALUD;LESIONES;121;Lesiones graves;262;140101;LAMBAYEQUE;CHICLAYO;CHICLAYO;24/01/2024
ENERO - DICIEMBRE;2023;01/08/2024;LAMBAYEQUE;PENAL;DENUNCIA;CONTRA LA VIDA/EL CUERPO Y LA SALUD;LESIONES;121-A;Formas agravadas. Lesiones graves - víctima menor de edad;10;140101;LAMBAYEQUE;CHICLAYO;CHICLAYO;24/01/2024
ENERO - DICIEMBRE;2023;01/08/2024;LAMBAYEQUE;PENAL;DENUNCIA;CONTRA LA VIDA/EL CUERPO Y LA SALUD;LESIONES;121-B;Lesiones graves por violencia contra las mujeres e integrantes del grupo familiar;47;140101;LAMBAYEQUE;CHICLAYO;CHICLAYO;24/01/2024
ENERO - DICIEMBRE;2023;01/08/2024;LAMBAYEQUE;PENAL;DENUNCIA;CONTRA LA VIDA/EL CUERPO Y LA SALUD;LESIONES;122;Lesiones leves;2531;140101;LAMBAYEQUE;CHICLAYO;CHICLAYO;24/01/2024
ENERO - DICIEMBRE;2023;01/08/2024;LAMBAYEQUE;PENAL;DENUNCIA;CONTRA LA VIDA/EL CUERPO Y LA SALUD;LESIONES;122-B;Agresiones en contra de las mujeres o integrantes del grupo familiar;15256;140101;LAMBAYEQUE;CHICLAYO;CHICLAYO;24/01/2024
ENERO - DICIEMBRE;2023;01/08/2024;LAMBAYEQUE;PENAL;DENUNCIA;CONTRA LA VIDA/EL CUERPO Y LA SALUD;LESIONES;123;Lesiones preterintencionales con resultado fortuito;9;140101;LAMBAYEQUE;CHICLAYO;CHICLAYO;24/01/2024
ENERO - DICIEMBRE;2023;01/08/2024;LAMBAYEQUE;PENAL;DENUNCIA;CONTRA LA VIDA/EL CUERPO Y LA SALUD;LESIONES;124;Lesiones Culposas;2416;140101;LAMBAYEQUE;CHICLAYO;CHICLAYO;24/01/2024
ENERO - DICIEMBRE;2023;01/08/2024;LAMBAYEQUE;PENAL;DENUNCIA;CONTRA LA VIDA/EL CUERPO Y LA SALUD;LESIONES;124-A;Daños al Concebido;11;140101;LAMBAYEQUE;CHICLAYO;CHICLAYO;24/01/2024
ENERO - DICIEMBRE;2023;01/08/2024;LAMBAYEQUE;PENAL;DENUNCIA;CONTRA LA VOLUNTAD POPULAR;DELITOS CONTRA EL DERECHO AL SUFRAGIO;356;Inducción a no votar o hacerlo en sentido determinado;2;140101;LAMBAYEQUE;CHICLAYO;CHICLAYO;24/01/2024
ENERO - DICIEMBRE;2023;01/08/2024;LAMBAYEQUE;PENAL;DENUNCIA;CONTRA LA VOLUNTAD POPULAR;DELITOS CONTRA EL DERECHO AL SUFRAGIO;357;Suplantación de votante;5;140101;LAMBAYEQUE;CHICLAYO;CHICLAYO;24/01/2024
ENERO - DICIEMBRE;2023;01/08/2024;LAMBAYEQUE;PENAL;DENUNCIA;CONTRA LA VOLUNTAD POPULAR;DELITOS CONTRA EL DERECHO AL SUFRAGIO;358;Publicidad ilegal del sentido del voto;1;140101;LAMBAYEQUE;CHICLAYO;CHICLAYO;24/01/2024
ENERO - DICIEMBRE;2023;01/08/2024;LAMBAYEQUE;PENAL;DENUNCIA;CONTRA LA VOLUNTAD POPULAR;DELITOS CONTRA EL DERECHO AL SUFRAGIO;359;Atentados contra el derecho de sufragio;3;140101;LAMBAYEQUE;CHICLAYO;CHICLAYO;24/01/2024
ENERO - DICIEMBRE;2023;01/08/2024;LAMBAYEQUE;PENAL;DENUNCIA;CONTRA LOS DERECHOS INTELECTUALES;CONTRA LA PROPIEDAD INDUSTRIAL;222;Fabricación o uso no autorizado de patente;24;140101;LAMBAYEQUE;CHICLAYO;CHICLAYO;24/01/2024
ENERO - DICIEMBRE;2023;01/08/2024;LAMBAYEQUE;PENAL;DENUNCIA;CONTRA LOS DERECHOS INTELECTUALES;CONTRA LA PROPIEDAD INDUSTRIAL;222-A;Penalización de la clonación o adulteración de terminales de telecomunicaciones;2;140101;LAMBAYEQUE;CHICLAYO;CHICLAYO;24/01/2024
ENERO - DICIEMBRE;2023;01/08/2024;LAMBAYEQUE;PENAL;DENUNCIA;CONTRA LOS DERECHOS INTELECTUALES;CONTRA LA PROPIEDAD INDUSTRIAL;223;Uso o venta no autorizada de diseño o modelo industrial;22;140101;LAMBAYEQUE;CHICLAYO;CHICLAYO;24/01/2024
ENERO - DICIEMBRE;2023;01/08/2024;LAMBAYEQUE;PENAL;DENUNCIA;CONTRA LOS DERECHOS INTELECTUALES;CONTRA LA PROPIEDAD INDUSTRIAL;225;Condición y grado de participación del agente;3;140101;LAMBAYEQUE;CHICLAYO;CHICLAYO;24/01/2024
ENERO - DICIEMBRE;2023;01/08/2024;LAMBAYEQUE;PENAL;DENUNCIA;CONTRA LOS DERECHOS INTELECTUALES;CONTRA LOS DERECHOS DE AUTOR Y CONEXOS;217;Reproducción;9;140101;LAMBAYEQUE;CHICLAYO;CHICLAYO;24/01/2024
ENERO - DICIEMBRE;2023;01/08/2024;LAMBAYEQUE;PENAL;DENUNCIA;CONTRA LOS DERECHOS INTELECTUALES;CONTRA LOS DERECHOS DE AUTOR Y CONEXOS;218;Formas agravadas;1;140101;LAMBAYEQUE;CHICLAYO;CHICLAYO;24/01/2024
ENERO - DICIEMBRE;2023;01/08/2024;LAMBAYEQUE;PENAL;DENUNCIA;CONTRA LOS DERECHOS INTELECTUALES;CONTRA LOS DERECHOS DE AUTOR Y CONEXOS;219;Plagio;3;140101;LAMBAYEQUE;CHICLAYO;CHICLAYO;24/01/2024
ENERO - DICIEMBRE;2023;01/08/2024;LAMBAYEQUE;PENAL;DENUNCIA;CONTRA LOS DERECHOS INTELECTUALES;CONTRA LOS DERECHOS DE AUTOR Y CONEXOS;220;Formas agravadas;1;140101;LAMBAYEQUE;CHICLAYO;CHICLAYO;24/01/2024
ENERO - DICIEMBRE;2023;01/08/2024;LAMBAYEQUE;PENAL;DENUNCIA;CONTRA LOS DERECHOS INTELECTUALES;CONTRA LOS DERECHOS DE AUTOR Y CONEXOS;220-D;Delitos contra la información sobre gestiÃ³n de derechos;3;140101;LAMBAYEQUE;CHICLAYO;CHICLAYO;24/01/2024
ENERO - DICIEMBRE;2023;01/08/2024;LAMBAYEQUE;PENAL;DENUNCIA;CONTRA LOS PODERES DEL ESTADO Y ORDEN CONSTITUCIONAL;REBELION ;346;Rebelión;1;140101;LAMBAYEQUE;CHICLAYO;CHICLAYO;24/01/2024
ENERO - DICIEMBRE;2023;01/08/2024;LAMBAYEQUE;PENAL;DENUNCIA;CONTRA LOS PODERES DEL ESTADO Y ORDEN CONSTITUCIONAL;REBELION ;347;Sedición;1;140101;LAMBAYEQUE;CHICLAYO;CHICLAYO;24/01/2024
ENERO - DICIEMBRE;2023;01/08/2024;LAMBAYEQUE;PENAL;DENUNCIA;D.LEG 813. LEY PENAL TRIBUTARIA;DEFRAUDACION TRIBUTARIA;2;Defraudación tributaria (D.L. 813);1;140101;LAMBAYEQUE;CHICLAYO;CHICLAYO;24/01/2024
ENERO - DICIEMBRE;2023;01/08/2024;LAMBAYEQUE;PENAL;DENUNCIA;D.LEG 813. LEY PENAL TRIBUTARIA;DEFRAUDACION TRIBUTARIA;4;Defraudación tributaria (D.L. 813);2;140101;LAMBAYEQUE;CHICLAYO;CHICLAYO;24/01/2024
ENERO - DICIEMBRE;2023;01/08/2024;LAMBAYEQUE;PENAL;DENUNCIA;D.LEG 813. LEY PENAL TRIBUTARIA;DEFRAUDACION TRIBUTARIA;5;Defraudación tributaria (D.L. 813);1;140101;LAMBAYEQUE;CHICLAYO;CHICLAYO;24/01/2024
ENERO - DICIEMBRE;2023;01/08/2024;LAMBAYEQUE;PENAL;DENUNCIA;D.LEG 813. LEY PENAL TRIBUTARIA;DEFRAUDACION TRIBUTARIA;5-C;Defraudación tributaria (D.L. 813);3;140101;LAMBAYEQUE;CHICLAYO;CHICLAYO;24/01/2024
ENERO - DICIEMBRE;2023;01/08/2024;LAMBAYEQUE;PENAL;DENUNCIA;D.LEG. 1106 LAVADO DE ACTIVOS;LAVADO DE ACTIVOS;1;Actos de conversión y transferencia;28;140101;LAMBAYEQUE;CHICLAYO;CHICLAYO;24/01/2024
ENERO - DICIEMBRE;2023;01/08/2024;LAMBAYEQUE;PENAL;DENUNCIA;D.LEG. 1106 LAVADO DE ACTIVOS;LAVADO DE ACTIVOS;2;Actos de ocultamiento y tenencia;4;140101;LAMBAYEQUE;CHICLAYO;CHICLAYO;24/01/2024
ENERO - DICIEMBRE;2023;01/08/2024;LAMBAYEQUE;PENAL;DENUNCIA;DELITOS ADUANEROS (LEY 28008);CONTRABANDO (D.ADUAN.);1;Contrabando;20;140101;LAMBAYEQUE;CHICLAYO;CHICLAYO;24/01/2024
ENERO - DICIEMBRE;2023;01/08/2024;LAMBAYEQUE;PENAL;DENUNCIA;DELITOS ADUANEROS (LEY 28008);CONTRABANDO (D.ADUAN.);2;Modalidades de contrabando;96;140101;LAMBAYEQUE;CHICLAYO;CHICLAYO;24/01/2024
ENERO - DICIEMBRE;2023;01/08/2024;LAMBAYEQUE;PENAL;DENUNCIA;DELITOS ADUANEROS (LEY 28008);RECEPTACIÓN ADUANERA;6;Receptación aduanera;11;140101;LAMBAYEQUE;CHICLAYO;CHICLAYO;24/01/2024
ENERO - DICIEMBRE;2023;01/08/2024;LAMBAYEQUE;PENAL;DENUNCIA;DELITOS ADUANEROS (LEY 28008);TRÃÁFICO DE MERCANCÍAS  PROHIBIDAS Y RESTRINGIDAS;8;Tráfico de mercancías prohibidas o restringidas;2;140101;LAMBAYEQUE;CHICLAYO;CHICLAYO;24/01/2024
ENERO - DICIEMBRE;2023;01/08/2024;LAMBAYEQUE;PENAL;DENUNCIA;DELITOS AMBIENTALES;DELITOS CONTRA LOS RECURSOS NATURALES;308;Tráfico ilegal de especies de flora y fauna silvestre;3;140101;LAMBAYEQUE;CHICLAYO;CHICLAYO;24/01/2024
ENERO - DICIEMBRE;2023;01/08/2024;LAMBAYEQUE;PENAL;DENUNCIA;DELITOS AMBIENTALES;DELITOS CONTRA LOS RECURSOS NATURALES;308-A;Tráfico ilegal de especies acuáticas de la flora y fauna silvestre;29;140101;LAMBAYEQUE;CHICLAYO;CHICLAYO;24/01/2024
ENERO - DICIEMBRE;2023;01/08/2024;LAMBAYEQUE;PENAL;DENUNCIA;DELITOS AMBIENTALES;DELITOS CONTRA LOS RECURSOS NATURALES;308-B;Extracción ilegal de especies acuáticas;8;140101;LAMBAYEQUE;CHICLAYO;CHICLAYO;24/01/2024
ENERO - DICIEMBRE;2023;01/08/2024;LAMBAYEQUE;PENAL;DENUNCIA;DELITOS AMBIENTALES;DELITOS CONTRA LOS RECURSOS NATURALES;308-C;Depredación de flora y fauna silvestre;1;140101;LAMBAYEQUE;CHICLAYO;CHICLAYO;24/01/2024
ENERO - DICIEMBRE;2023;01/08/2024;LAMBAYEQUE;PENAL;DENUNCIA;DELITOS AMBIENTALES;DELITOS CONTRA LOS RECURSOS NATURALES;310;Delitos contra los bosques o formaciones boscosas;79;140101;LAMBAYEQUE;CHICLAYO;CHICLAYO;24/01/2024
ENERO - DICIEMBRE;2023;01/08/2024;LAMBAYEQUE;PENAL;DENUNCIA;DELITOS AMBIENTALES;DELITOS CONTRA LOS RECURSOS NATURALES;310-A;Tráfico ilegal de productos forestales maderables;120;140101;LAMBAYEQUE;CHICLAYO;CHICLAYO;24/01/2024
ENERO - DICIEMBRE;2023;01/08/2024;LAMBAYEQUE;PENAL;DENUNCIA;DELITOS AMBIENTALES;DELITOS CONTRA LOS RECURSOS NATURALES;310-C;Formas agravada;6;140101;LAMBAYEQUE;CHICLAYO;CHICLAYO;24/01/2024
ENERO - DICIEMBRE;2023;01/08/2024;LAMBAYEQUE;PENAL;DENUNCIA;DELITOS AMBIENTALES;DELITOS CONTRA LOS RECURSOS NATURALES;311;Utilización indebida de tierras agrícolas;9;140101;LAMBAYEQUE;CHICLAYO;CHICLAYO;24/01/2024
ENERO - DICIEMBRE;2023;01/08/2024;LAMBAYEQUE;PENAL;DENUNCIA;DELITOS AMBIENTALES;DELITOS CONTRA LOS RECURSOS NATURALES;312;Autorización de actividad contraria a los planes o usos previstos por la ley;1;140101;LAMBAYEQUE;CHICLAYO;CHICLAYO;24/01/2024
ENERO - DICIEMBRE;2023;01/08/2024;LAMBAYEQUE;PENAL;DENUNCIA;DELITOS AMBIENTALES;DELITOS CONTRA LOS RECURSOS NATURALES;313;Alteración del ambiente o paisaje;4;140101;LAMBAYEQUE;CHICLAYO;CHICLAYO;24/01/2024
ENERO - DICIEMBRE;2023;01/08/2024;LAMBAYEQUE;PENAL;DENUNCIA;DELITOS AMBIENTALES;DELITOS DE CONTAMINACION;304;Contaminación del ambiente;51;140101;LAMBAYEQUE;CHICLAYO;CHICLAYO;24/01/2024
ENERO - DICIEMBRE;2023;01/08/2024;LAMBAYEQUE;PENAL;DENUNCIA;DELITOS AMBIENTALES;DELITOS DE CONTAMINACION;305;Formas agravadas;2;140101;LAMBAYEQUE;CHICLAYO;CHICLAYO;24/01/2024
ENERO - DICIEMBRE;2023;01/08/2024;LAMBAYEQUE;PENAL;DENUNCIA;DELITOS AMBIENTALES;DELITOS DE CONTAMINACION;306;Incumplimiento de las normas relativas al manejo de residuos sólidos;9;140101;LAMBAYEQUE;CHICLAYO;CHICLAYO;24/01/2024
ENERO - DICIEMBRE;2023;01/08/2024;LAMBAYEQUE;PENAL;DENUNCIA;DELITOS AMBIENTALES;DELITOS DE CONTAMINACION;307-A;Delito de minería ilegal;23;140101;LAMBAYEQUE;CHICLAYO;CHICLAYO;24/01/2024
ENERO - DICIEMBRE;2023;01/08/2024;LAMBAYEQUE;PENAL;DENUNCIA;DELITOS AMBIENTALES;RESPONSABILIDAD FUNCIONAL E INFORMACIÓN FALSA;314;Responsabilidad de funcionario público por otorgamiento ilegal de derechos;15;140101;LAMBAYEQUE;CHICLAYO;CHICLAYO;24/01/2024
ENERO - DICIEMBRE;2023;01/08/2024;LAMBAYEQUE;PENAL;DENUNCIA;DELITOS AMBIENTALES;RESPONSABILIDAD FUNCIONAL E INFORMACIÓN FALSA;314-B;Responsabilidad por información falsa contenida en informes;16;140101;LAMBAYEQUE;CHICLAYO;CHICLAYO;24/01/2024
ENERO - DICIEMBRE;2023;01/08/2024;LAMBAYEQUE;PENAL;DENUNCIA;LEY N° 30096; LEY DE DELITOS INFORMATICOS;2;Acceso Ilícito;33;140101;LAMBAYEQUE;CHICLAYO;CHICLAYO;24/01/2024
ENERO - DICIEMBRE;2023;01/08/2024;LAMBAYEQUE;PENAL;DENUNCIA;LEY N° 30096; LEY DE DELITOS INFORMATICOS;3;Atentado contra la integridad de datos informáticos;3;140101;LAMBAYEQUE;CHICLAYO;CHICLAYO;24/01/2024
ENERO - DICIEMBRE;2023;01/08/2024;LAMBAYEQUE;PENAL;DENUNCIA;LEY N° 30096; LEY DE DELITOS INFORMATICOS;4;Atentado contra la integridad de sistemas informáticos;2;140101;LAMBAYEQUE;CHICLAYO;CHICLAYO;24/01/2024
ENERO - DICIEMBRE;2023;01/08/2024;LAMBAYEQUE;PENAL;DENUNCIA;LEY N° 30096; LEY DE DELITOS INFORMATICOS;8;Fraude informático;974;140101;LAMBAYEQUE;CHICLAYO;CHICLAYO;24/01/2024
ENERO - DICIEMBRE;2023;01/08/2024;LAMBAYEQUE;PENAL;DENUNCIA;LEY N° 30096; LEY DE DELITOS INFORMATICOS;9;Suplantación de identidad;357;140101;LAMBAYEQUE;CHICLAYO;CHICLAYO;24/01/2024
ENERO - DICIEMBRE;2023;01/08/2024;LAMBAYEQUE;PENAL;DENUNCIA;LEY N° 30096; LEY DE DELITOS INFORMATICOS;5;Proposiciones a niños;7;140101;LAMBAYEQUE;CHICLAYO;CHICLAYO;24/01/2024
ENERO - DICIEMBRE;2023;01/08/2024;LAMBAYEQUE;PENAL;DENUNCIA;LEY N° 30096; LEY DE DELITOS INFORMATICOS;7;Interceptación de datos informáticos;3;140101;LAMBAYEQUE;CHICLAYO;CHICLAYO;24/01/2024
ENERO - DICIEMBRE;2023;01/08/2024;LAMBAYEQUE;PENAL;DENUNCIA;LEY N° 30096; LEY DE DELITOS INFORMATICOS;10;Abuso de mecanismos y dispositivos informáticos;28;140101;LAMBAYEQUE;CHICLAYO;CHICLAYO;24/01/2024
ENERO - DICIEMBRE;2023;01/08/2024;LAMBAYEQUE;PENAL;DENUNCIA;LEY N° 30096; LEY DE DELITOS INFORMATICOS;11;Agravantes;6;140101;LAMBAYEQUE;CHICLAYO;CHICLAYO;24/01/2024
